"county_name","county_fips","state_abbv"
"Mohave County","04015","AZ"
"Flagler County","12035","FL"
"Morton County","20129","KS"
"Marshall County","28093","MS"
"St. Louis city","29510","MO"
"McKinley County","35031","NM"
"Washington County","37187","NC"
"Burke County","38013","ND"
"Newport News city","51700","VA"
"Logan County","20109","KS"
"Randolph County","13243","GA"
"Jefferson County","17081","IL"
"Hancock County","19081","IA"
"Wright County","19197","IA"
"Martin County","18101","IN"
"Greene County","19073","IA"
"Perry County","28111","MS"
"St. Clair County","29185","MO"
"Saline County","31151","NE"
"Barnes County","38003","ND"
"Lyman County","46085","SD"
"Walworth County","46129","SD"
"Reagan County","48383","TX"
"Wise County","48497","TX"
"Wasatch County","49051","UT"
"Kittitas County","53037","WA"
"Eau Claire County","55035","WI"
"Sawyer County","55113","WI"
"Gray County","20069","KS"
"Richland County","17159","IL"
"Aitkin County","27001","MN"
"Santa Barbara County","06083","CA"
"Floyd County","13115","GA"
"Miami County","20121","KS"
"Allegan County","26005","MI"
"St. Joseph County","26149","MI"
"Scotts Bluff County","31157","NE"
"Erie County","42049","PA"
"Dale County","01045","AL"
"St. Francis County","05123","AR"
"Glades County","12043","FL"
"Macoupin County","17117","IL"
"Johnson County","18081","IN"
"Blackford County","18009","IN"
"Tate County","28137","MS"
"Moniteau County","29135","MO"
"Butler County","31023","NE"
"Potter County","46107","SD"
"McCook County","46087","SD"
"Dimmit County","48127","TX"
"Adams County","53001","WA"
"Taylor County","54091","WV"
"Lincoln Parish","22061","LA"
"Cherokee County","19035","IA"
"Cedar County","19031","IA"
"Donley County","48129","TX"
"Upton County","48461","TX"
"Sarasota County","12115","FL"
"Stephenson County","17177","IL"
"Nobles County","27105","MN"
"Lincoln County","29113","MO"
"Jefferson County","31095","NE"
"Warren County","37185","NC"
"Van Wert County","39161","OH"
"Cass County","48067","TX"
"Racine County","55101","WI"
"Anderson County","21005","KY"
"Ogle County","17141","IL"
"Warren County","19181","IA"
"Wilson County","20205","KS"
"Calhoun County","26025","MI"
"Pontotoc County","28115","MS"
"Sherman County","31163","NE"
"Franklin city","51620","VA"
"Portage County","55097","WI"
"Clinton County","18023","IN"
"Story County","19169","IA"
"Pope County","27121","MN"
"Essex County","50009","VT"
"Sanborn County","46111","SD"
"Randolph County","01111","AL"
"Sierra County","06091","CA"
"Escambia County","12033","FL"
"Hernando County","12053","FL"
"Barber County","20007","KS"
"Santa Cruz County","04023","AZ"
"Lincoln County","27081","MN"
"Columbia County","36021","NY"
"Tyrrell County","37177","NC"
"Lane County","41039","OR"
"Moody County","46101","SD"
"Niobrara County","56027","WY"
"Winston County","01133","AL"
"Shawnee County","20177","KS"
"Paulding County","13223","GA"
"Brown County","18013","IN"
"Jennings County","18079","IN"
"Grundy County","19075","IA"
"Osceola County","26133","MI"
"Gasconade County","29073","MO"
"Buffalo County","31019","NE"
"De Baca County","35011","NM"
"Okmulgee County","40111","OK"
"Edmunds County","46045","SD"
"Bandera County","48019","TX"
"Hutchinson County","48233","TX"
"Callahan County","48059","TX"
"Fairfax city","51600","VA"
"Emporia city","51595","VA"
"Waupaca County","55135","WI"
"Washburn County","55129","WI"
"Webster County","28155","MS"
"Clinton County","26037","MI"
"Lake County","26085","MI"
"Seward County","31159","NE"
"Latimer County","40077","OK"
"Toombs County","13279","GA"
"Kankakee County","17091","IL"
"Benton County","18007","IN"
"Cheyenne County","20023","KS"
"La Paz County","04012","AZ"
"Alcorn County","28003","MS"
"Toole County","30101","MT"
"Rockland County","36087","NY"
"Loving County","48301","TX"
"San Juan County","49037","UT"
"Goshen County","56015","WY"
"Gila County","04007","AZ"
"Gilpin County","08047","CO"
"Marshall County","17123","IL"
"Boone County","18011","IN"
"Shelby County","18145","IN"
"Wichita County","20203","KS"
"Boone County","19015","IA"
"Rice County","27131","MN"
"Howard County","31093","NE"
"Cabarrus County","37025","NC"
"Steele County","38091","ND"
"Blaine County","40011","OK"
"Coryell County","48099","TX"
"Carson County","48065","TX"
"Schleicher County","48413","TX"
"Van Buren County","05141","AR"
"Licking County","39089","OH"
"Hamlin County","46057","SD"
"Falls County","48145","TX"
"Castro County","48069","TX"
"Hopewell city","51670","VA"
"Linn County","29115","MO"
"Perkins County","31135","NE"
"Palo Alto County","19147","IA"
"Cheyenne County","08017","CO"
"Lamar County","01075","AL"
"Calcasieu Parish","22019","LA"
"Martin County","27091","MN"
"St. Louis County","27137","MN"
"New Hanover County","37129","NC"
"Cavalier County","38019","ND"
"Wasco County","41065","OR"
"Clay County","47027","TN"
"Lowndes County","01085","AL"
"San Benito County","06069","CA"
"Placer County","06061","CA"
"Fayette County","13113","GA"
"Cerro Gordo County","19033","IA"
"Neosho County","20133","KS"
"Barton County","20009","KS"
"Crawford County","19047","IA"
"Wexford County","26165","MI"
"Missaukee County","26113","MI"
"Adair County","29001","MO"
"Oliver County","38065","ND"
"Harrison County","39067","OH"
"Jim Wells County","48249","TX"
"Erath County","48143","TX"
"Waukesha County","55133","WI"
"Dodge County","55027","WI"
"DeKalb County","18033","IN"
"Genesee County","26049","MI"
"Kearny County","20093","KS"
"Grant County","41023","OR"
"Murray County","13213","GA"
"Bullitt County","21029","KY"
"Wayne County","28153","MS"
"Pawnee County","31133","NE"
"Steuben County","36101","NY"
"Washington County","40147","OK"
"Sherman County","41055","OR"
"Beaver County","49001","UT"
"Drew County","05043","AR"
"Fresno County","06019","CA"
"Oconee County","13219","GA"
"Putnam County","17155","IL"
"Franklin County","19069","IA"
"Linn County","19113","IA"
"Spencer County","21215","KY"
"Steele County","27147","MN"
"Newton County","28101","MS"
"Broadwater County","30007","MT"
"Grant County","31075","NE"
"Yates County","36123","NY"
"Clinton County","39027","OH"
"Faulk County","46049","SD"
"Davison County","46035","SD"
"Day County","46037","SD"
"Gray County","48179","TX"
"Price County","55099","WI"
"Valley County","16085","ID"
"McPherson County","31117","NE"
"Alexandria city","51510","VA"
"Kingsbury County","46077","SD"
"Tolland County","09013","CT"
"Troup County","13285","GA"
"Brown County","20013","KS"
"West Carroll Parish","22123","LA"
"Barton County","29011","MO"
"Darke County","39037","OH"
"Harding County","46063","SD"
"Marinette County","55075","WI"
"Weston County","56045","WY"
"Osceola County","12097","FL"
"Ford County","17053","IL"
"Cass County","18017","IN"
"Cloud County","20029","KS"
"Russell County","20167","KS"
"Kidder County","38043","ND"
"Gentry County","29075","MO"
"Keith County","31101","NE"
"Stanton County","31167","NE"
"Douglas County","46043","SD"
"Midland County","48329","TX"
"Collin County","48085","TX"
"Briscoe County","48045","TX"
"Floyd County","48153","TX"
"Lynchburg city","51680","VA"
"Winnebago County","55139","WI"
"Lee County","21129","KY"
"Effingham County","17049","IL"
"Jasper County","18073","IN"
"Fayette County","18041","IN"
"Isabella County","26073","MI"
"Valley County","31175","NE"
"Butler County","20015","KS"
"Greene County","37079","NC"
"Renville County","38075","ND"
"Macon County","17115","IL"
"Union County","19175","IA"
"Winneshiek County","19191","IA"
"Piatt County","17147","IL"
"Adams County","19003","IA"
"Saline County","17165","IL"
"Hughes County","46065","SD"
"Buchanan County","19019","IA"
"Butler County","19023","IA"
"Geary County","20061","KS"
"Chickasaw County","19037","IA"
"Reno County","20155","KS"
"Chase County","20017","KS"
"Concho County","48095","TX"
"Cottle County","48101","TX"
"Crosby County","48107","TX"
"Emmet County","19063","IA"
"Floyd County","19067","IA"
"Guthrie County","19077","IA"
"Winnebago County","19189","IA"
"Monroe County","21171","KY"
"Kewaunee County","55061","WI"
"Johnson County","19103","IA"
"Mahaska County","19123","IA"
"Marshall County","18099","IN"
"Pulaski County","18131","IN"
"Porter County","18127","IN"
"Orange County","37135","NC"
"Edmonson County","21061","KY"
"Lemhi County","16059","ID"
"Caddo Parish","22017","LA"
"Torrance County","35057","NM"
"Durham County","37063","NC"
"Platte County","56031","WY"
"Charlotte County","51037","VA"
"Dunn County","55033","WI"
"Union County","45087","SC"
"Park County","56029","WY"
"Mower County","27099","MN"
"Petroleum County","30069","MT"
"King George County","51099","VA"
"Caldwell County","48055","TX"
"Crook County","41013","OR"
"Christian County","29043","MO"
"Custer County","30017","MT"
"Fayette County","01057","AL"
"Josephine County","41033","OR"
"Clay County","18021","IN"
"Thayer County","31169","NE"
"Nottoway County","51135","VA"
"Ford County","20057","KS"
"Perry County","17145","IL"
"Ness County","20135","KS"
"Lincoln County","16063","ID"
"Greene County","29077","MO"
"Hooker County","31091","NE"
"Kendall County","17093","IL"
"Union County","18161","IN"
"Washington County","29221","MO"
"McKean County","42083","PA"
"Crawford County","26039","MI"
"Lafayette Parish","22055","LA"
"Manassas city","51683","VA"
"Roscommon County","26143","MI"
"Carroll County","39019","OH"
"Cass County","38017","ND"
"Green Lake County","55047","WI"
"Champaign County","39021","OH"
"Morrill County","31123","NE"
"Cleburne County","05023","AR"
"Monroe County","29137","MO"
"Hardin County","39065","OH"
"Coos County","33007","NH"
"McLeod County","27085","MN"
"Grafton County","33009","NH"
"Newton County","29145","MO"
"Frio County","48163","TX"
"Wright County","29229","MO"
"King County","48269","TX"
"Kinney County","48271","TX"
"St. Joseph County","18141","IN"
"Knox County","17095","IL"
"Medina County","39103","OH"
"Geneva County","01061","AL"
"Livingston County","17105","IL"
"McDonough County","17109","IL"
"La Salle County","48283","TX"
"Fayette County","19065","IA"
"Martin County","12085","FL"
"Marion County","17121","IL"
"Madison County","19121","IA"
"Trinity County","06105","CA"
"Woodford County","17203","IL"
"Warren County","39165","OH"
"Broward County","12011","FL"
"Uvalde County","48463","TX"
"Crawford County","39033","OH"
"Fayette County","39047","OH"
"Wheeler County","48483","TX"
"Huron County","39077","OH"
"Yoakum County","48501","TX"
"Jenkins County","13165","GA"
"Armstrong County","48011","TX"
"Delaware County","39041","OH"
"Dewey County","40043","OK"
"Lavaca County","48285","TX"
"Harper County","20077","KS"
"Meeker County","27093","MN"
"Live Oak County","48297","TX"
"Hockley County","48219","TX"
"Allen County","39003","OH"
"Isanti County","27059","MN"
"Sibley County","27143","MN"
"Nodaway County","29147","MO"
"Somervell County","48425","TX"
"Cedar County","29039","MO"
"Lewis and Clark County","30049","MT"
"Pettis County","29159","MO"
"Lamb County","48279","TX"
"Storey County","32029","NV"
"Lanier County","13173","GA"
"Mitchell County","19131","IA"
"Montgomery County","29139","MO"
"Montgomery County","17135","IL"
"Irwin County","13155","GA"
"Franklin County","47051","TN"
"Eddy County","38027","ND"
"Slope County","38087","ND"
"Palo Pinto County","48363","TX"
"Webster County","13307","GA"
"San Bernardino County","06071","CA"
"Dawson County","13085","GA"
"Marathon County","55073","WI"
"Monroe County","55081","WI"
"Lorain County","39093","OH"
"Lebanon County","42075","PA"
"Portage County","39133","OH"
"Sully County","46119","SD"
"Hickman County","47081","TN"
"Fredericksburg city","51630","VA"
"Wayne County","31179","NE"
"Sullivan County","42113","PA"
"Menominee County","26109","MI"
"Wayne County","37191","NC"
"Grant County","05053","AR"
"Wells County","38103","ND"
"Hale County","48189","TX"
"Garden County","31069","NE"
"Stone County","29209","MO"
"Hamilton County","48193","TX"
"Randolph County","29175","MO"
"Hardin County","48199","TX"
"Granville County","37077","NC"
"Ray County","29177","MO"
"Falls Church city","51610","VA"
"Montgomery County","05097","AR"
"Shelby County","29205","MO"
"Petersburg city","51730","VA"
"Adair County","19001","IA"
"Monterey County","06053","CA"
"DeSoto County","12027","FL"
"Bureau County","17011","IL"
"Wood County","39173","OH"
"Harvey County","20079","KS"
"Lyon County","20111","KS"
"Washington County","19183","IA"
"Ionia County","26067","MI"
"DeWitt County","48123","TX"
"Dickens County","48125","TX"
"Kalamazoo County","26077","MI"
"Mason County","21161","KY"
"Kandiyohi County","27067","MN"
"Brunswick County","51025","VA"
"Hoke County","37093","NC"
"Newaygo County","26123","MI"
"Ottawa County","26139","MI"
"Van Buren County","26159","MI"
"De Witt County","17039","IL"
"Franklin County","17055","IL"
"Hamilton County","17065","IL"
"Catawba County","37035","NC"
"Douglas County","27041","MN"
"Kingfisher County","40073","OK"
"Baker County","41001","OR"
"Fayette County","48149","TX"
"Major County","40093","OK"
"Andrews County","48003","TX"
"Clark County","46025","SD"
"Deuel County","46039","SD"
"Hutchinson County","46067","SD"
"Decatur County","47039","TN"
"Baylor County","48023","TX"
"Hardin County","47071","TN"
"Hanson County","46061","SD"
"Miner County","46097","SD"
"Jerauld County","46073","SD"
"Barbour County","54001","WV"
"Grundy County","17063","IL"
"Lewis County","47101","TN"
"Lincoln County","55069","WI"
"Karnes County","48255","TX"
"Colfax County","31037","NE"
"Antelope County","31003","NE"
"Audrain County","29007","MO"
"Jack County","48237","TX"
"Cass County","19029","IA"
"Ector County","48135","TX"
"Hays County","48209","TX"
"Limestone County","48293","TX"
"Bastrop County","48021","TX"
"Atkinson County","13003","GA"
"Tift County","13277","GA"
"Echols County","13101","GA"
"Pondera County","30073","MT"
"Walworth County","55127","WI"
"McLennan County","48309","TX"
"Hardin County","19083","IA"
"Custer County","16037","ID"
"Howard County","19089","IA"
"Ida County","19093","IA"
"Phillips County","08095","CO"
"Perry County","39127","OH"
"Jefferson County","19101","IA"
"Rio Grande County","08105","CO"
"Montgomery County","19137","IA"
"Stark County","17175","IL"
"Richland County","39139","OH"
"Tazewell County","17179","IL"
"Elbert County","08039","CO"
"Seneca County","39147","OH"
"Shelby County","39149","OH"
"Henry County","29083","MO"
"Comanche County","40031","OK"
"Dent County","29065","MO"
"Menard County","48327","TX"
"Nolan County","48353","TX"
"El Paso County","08041","CO"
"Kiowa County","08061","CO"
"Jones County","48253","TX"
"Mason County","48319","TX"
"Taylor County","48441","TX"
"Curry County","41015","OR"
"Kent County","48263","TX"
"Sanders County","30089","MT"
"Stonewall County","48433","TX"
"Haskell County","48207","TX"
"Chautauqua County","20019","KS"
"Rains County","48379","TX"
"Upshur County","48459","TX"
"Morris County","48343","TX"
"Garfield County","31071","NE"
"Hunt County","48231","TX"
"Franklin County","36033","NY"
"Schenectady County","36093","NY"
"Walker County","48471","TX"
"Fulton County","36035","NY"
"Brooke County","54009","WV"
"Ohio County","54069","WV"
"Greene County","42059","PA"
"Walker County","01127","AL"
"Humphreys County","28053","MS"
"Montgomery County","28097","MS"
"Radford city","51750","VA"
"Marion County","54049","WV"
"McDowell County","54047","WV"
"Defiance County","39039","OH"
"Oktibbeha County","28105","MS"
"Clinton County","29049","MO"
"Webster County","54101","WV"
"King County","53033","WA"
"Scott County","28123","MS"
"Kalkaska County","26079","MI"
"Poinsett County","05111","AR"
"Chelan County","53007","WA"
"Okaloosa County","12091","FL"
"Seminole County","12117","FL"
"Calhoun County","28013","MS"
"Clarke County","28023","MS"
"McPherson County","46089","SD"
"Lincoln County","28085","MS"
"Nicholas County","54067","WV"
"Pocahontas County","54075","WV"
"Otter Tail County","27111","MN"
"Bibb County","01007","AL"
"Kemper County","28069","MS"
"Logan County","40083","OK"
"Liberty County","48291","TX"
"Pulaski County","13235","GA"
"Jasper County","17079","IL"
"Polk County","27119","MN"
"Martin County","48317","TX"
"Clare County","26035","MI"
"Gladwin County","26051","MI"
"Person County","37145","NC"
"Warren County","17187","IL"
"Crawford County","13079","GA"
"Bibb County","13021","GA"
"Washakie County","56043","WY"
"Ogemaw County","26129","MI"
"Fayette County","47047","TN"
"Rush County","20165","KS"
"Bottineau County","38009","ND"
"Bowman County","38011","ND"
"Hettinger County","38041","ND"
"Wabash County","18169","IN"
"Jackson County","20085","KS"
"Tama County","19171","IA"
"Tehama County","06103","CA"
"Marion County","18097","IN"
"Montgomery County","18107","IN"
"Tipton County","18159","IN"
"Roanoke city","51770","VA"
"Taylor County","19173","IA"
"Faribault County","27043","MN"
"Sharp County","05135","AR"
"Bremer County","19017","IA"
"Stephens County","48429","TX"
"Taylor County","55119","WI"
"Hodgeman County","20083","KS"
"Wayne County","18177","IN"
"Macomb County","26099","MI"
"Powder River County","30075","MT"
"Bennington County","50003","VT"
"Montgomery County","13209","GA"
"Buena Vista County","19021","IA"
"Knox County","29103","MO"
"LaMoure County","38045","ND"
"Linn County","41043","OR"
"Lubbock County","48303","TX"
"Dade County","13083","GA"
"Fillmore County","31059","NE"
"Gaines County","48165","TX"
"Washington County","23029","ME"
"Lafayette County","28071","MS"
"Phelps County","31137","NE"
"Scurry County","48415","TX"
"Roger Mills County","40129","OK"
"Pulaski County","05119","AR"
"Vinton County","39163","OH"
"Ottawa County","20143","KS"
"Clay County","19041","IA"
"Clark County","55019","WI"
"Dallas County","19049","IA"
"Osceola County","19143","IA"
"Charles City County","51036","VA"
"Calhoun County","12013","FL"
"McPherson County","20113","KS"
"Adams County","31001","NE"
"Marquette County","55077","WI"
"Jackson County","08057","CO"
"Benton County","28009","MS"
"Pierce County","53053","WA"
"Nevada County","05099","AR"
"Henry County","17073","IL"
"Hansford County","48195","TX"
"Carbon County","56007","WY"
"DeKalb County","13089","GA"
"Orange County","18117","IN"
"Macon County","29121","MO"
"Shackelford County","48417","TX"
"Watonwan County","27165","MN"
"Shelby County","19165","IA"
"Haywood County","47075","TN"
"Greenwood County","20073","KS"
"Morgan County","47129","TN"
"Franklin County","20059","KS"
"El Dorado County","06017","CA"
"Pipestone County","27117","MN"
"Crawford County","29055","MO"
"Hendricks County","18063","IN"
"Jim Hogg County","48247","TX"
"Clay County","17025","IL"
"Hayes County","31085","NE"
"Pierce County","31139","NE"
"Henry County","39069","OH"
"Knox County","39083","OH"
"Nevada County","06057","CA"
"Kings County","06031","CA"
"Idaho County","16049","ID"
"Lane County","20101","KS"
"Rolette County","38079","ND"
"Scott County","20171","KS"
"Sheridan County","20179","KS"
"Dane County","55025","WI"
"Claiborne Parish","22027","LA"
"Benton County","29015","MO"
"Lewis County","36049","NY"
"Blanco County","48031","TX"
"Carter County","29035","MO"
"Williamsburg city","51830","VA"
"Hampton city","51650","VA"
"Dawson County","48115","TX"
"Flathead County","30029","MT"
"Poquoson city","51735","VA"
"Borden County","48033","TX"
"Stevens County","20189","KS"
"Lincoln County","30053","MT"
"Allegany County","36003","NY"
"Glascock County","13125","GA"
"La Salle Parish","22059","LA"
"Buffalo County","46017","SD"
"Johnson County","48251","TX"
"Johnson County","17087","IL"
"McMullen County","48311","TX"
"Labette County","20099","KS"
"Cobb County","13067","GA"
"Sunflower County","28133","MS"
"Simpson County","28127","MS"
"Winchester city","51840","VA"
"Calumet County","55015","WI"
"Floyd County","18043","IN"
"Rock County","27133","MN"
"Norfolk city","51710","VA"
"Montgomery County","21173","KY"
"Stevens County","27149","MN"
"Lancaster County","31109","NE"
"Norton city","51720","VA"
"Waushara County","55137","WI"
"Waseca County","27161","MN"
"Wayne County","19185","IA"
"Lawrence County","01079","AL"
"Miller County","13201","GA"
"Delaware County","19055","IA"
"Murray County","27101","MN"
"Eastland County","48133","TX"
"Zavala County","48507","TX"
"Potter County","48375","TX"
"Midland County","26111","MI"
"McCreary County","21147","KY"
"Lamar County","13171","GA"
"McHenry County","17111","IL"
"Kosciusko County","18085","IN"
"Craighead County","05031","AR"
"Atascosa County","48013","TX"
"Washington County","08121","CO"
"Pickens County","13227","GA"
"Sheboygan County","55117","WI"
"Foster County","38031","ND"
"Coconino County","04005","AZ"
"Warren County","18171","IN"
"Washington County","55131","WI"
"Morgan County","29141","MO"
"Phelps County","29161","MO"
"Lincoln County","05079","AR"
"Fulton County","18049","IN"
"Cowley County","20035","KS"
"Kanabec County","27065","MN"
"Fayette County","17051","IL"
"Aurora County","46003","SD"
"Cameron County","42023","PA"
"Minnehaha County","46099","SD"
"Charlottesville city","51540","VA"
"Garfield County","08045","CO"
"Davis County","19051","IA"
"Wayne County","17191","IL"
"Union County","39159","OH"
"Taliaferro County","13265","GA"
"San Luis Obispo County","06079","CA"
"Swisher County","48437","TX"
"Carroll County","28015","MS"
"Butler County","42019","PA"
"Brown County","48049","TX"
"Sutton County","48435","TX"
"Pershing County","32027","NV"
"Morris County","20127","KS"
"Randall County","48381","TX"
"Poweshiek County","19157","IA"
"Pueblo County","08101","CO"
"Glasscock County","48173","TX"
"Franklin County","48159","TX"
"Montgomery County","36057","NY"
"Caldwell County","29025","MO"
"Harrison County","54033","WV"
"Walton County","12131","FL"
"Scott County","17171","IL"
"Audubon County","19009","IA"
"Hamilton County","18057","IN"
"Logan County","38047","ND"
"Clay County","20027","KS"
"Lewis County","16061","ID"
"Mitchell County","20123","KS"
"Roseau County","27135","MN"
"Tompkins County","36109","NY"
"Clarke County","19039","IA"
"Humboldt County","19091","IA"
"Grundy County","29079","MO"
"Sedgwick County","20173","KS"
"Barry County","29009","MO"
"Jeff Davis County","48243","TX"
"Laclede County","29105","MO"
"Luce County","26095","MI"
"Warren County","21227","KY"
"Jackson County","18071","IN"
"Ransom County","38073","ND"
"Sioux County","31165","NE"
"Childress County","48075","TX"
"Cook County","13075","GA"
"Daviess County","29061","MO"
"Beadle County","46005","SD"
"Covington County","28031","MS"
"Dickinson County","19059","IA"
"Scott County","21209","KY"
"Black Hawk County","19013","IA"
"McHenry County","38049","ND"
"Gratiot County","26057","MI"
"Custer County","40039","OK"
"McNairy County","47109","TN"
"Spalding County","13255","GA"
"Johnson County","31097","NE"
"Coke County","48081","TX"
"Lamoille County","50015","VT"
"Archer County","48009","TX"
"Hancock County","23009","ME"
"Paulding County","39125","OH"
"Allen Parish","22003","LA"
"Henderson County","47077","TN"
"Seward County","20175","KS"
"Jewell County","20089","KS"
"Gilliam County","41021","OR"
"Collingsworth County","48087","TX"
"Christian County","17021","IL"
"Dade County","29057","MO"
"Runnels County","48399","TX"
"Tippah County","28139","MS"
"Ellsworth County","20053","KS"
"Gage County","31067","NE"
"Orleans County","36073","NY"
"Gwinnett County","13135","GA"
"Pulaski County","29169","MO"
"Garfield County","40047","OK"
"Osage County","20139","KS"
"Boone County","17007","IL"
"Polk County","12105","FL"
"Marion County","21155","KY"
"Grant County","20067","KS"
"Hall County","48191","TX"
"Bosque County","48035","TX"
"Wheeler County","31183","NE"
"Chesapeake city","51550","VA"
"Adair County","21001","KY"
"Noxubee County","28103","MS"
"Muskingum County","39119","OH"
"Dallas County","05039","AR"
"Miami County","39109","OH"
"Pocahontas County","19151","IA"
"Alcona County","26001","MI"
"Tioga County","42117","PA"
"Stone County","28131","MS"
"Rutherford County","47149","TN"
"Jefferson County","55055","WI"
"Barry County","26015","MI"
"Arthur County","31005","NE"
"Johnson County","29101","MO"
"Eaton County","26045","MI"
"Cook County","27031","MN"
"Rusk County","55107","WI"
"Appomattox County","51011","VA"
"Monroe County","19135","IA"
"Ellis County","20051","KS"
"Neshoba County","28099","MS"
"Tippecanoe County","18157","IN"
"Cochise County","04003","AZ"
"Graves County","21083","KY"
"Hartley County","48205","TX"
"Shasta County","06089","CA"
"Barron County","55005","WI"
"Marion County","19125","IA"
"Decatur County","19053","IA"
"Summit County","49043","UT"
"Cross County","05037","AR"
"Trego County","20195","KS"
"Wilson County","48493","TX"
"Hardee County","12049","FL"
"Webster County","31181","NE"
"Morgan County","08087","CO"
"Lyon County","32019","NV"
"Grant County","35017","NM"
"Suffolk County","36103","NY"
"Jefferson County","36045","NY"
"Clinton County","36019","NY"
"Williams County","38105","ND"
"Evangeline Parish","22039","LA"
"Harper County","40059","OK"
"Grant County","46051","SD"
"Clay County","46027","SD"
"Washington County","17189","IL"
"Sequatchie County","47153","TN"
"Amador County","06005","CA"
"Ringgold County","19159","IA"
"Beaverhead County","30001","MT"
"Berrien County","26021","MI"
"Wyoming County","42131","PA"
"Livingston County","26093","MI"
"Washtenaw County","26161","MI"
"Jackson County","39079","OH"
"Izard County","05065","AR"
"Lincoln County","37109","NC"
"Staunton city","51790","VA"
"Jackson County","26075","MI"
"Mecosta County","26107","MI"
"Dodge County","27039","MN"
"Spink County","46115","SD"
"Lake County","46079","SD"
"Hickory County","29085","MO"
"Creek County","40037","OK"
"LaSalle County","17099","IL"
"Montgomery County","39113","OH"
"Wilkinson County","13319","GA"
"Hemphill County","48211","TX"
"Rockwall County","48397","TX"
"Sargent County","38081","ND"
"Stafford County","20185","KS"
"Baldwin County","01003","AL"
"Cheboygan County","26031","MI"
"Columbia County","05027","AR"
"Greenlee County","04011","AZ"
"Muscogee County","13215","GA"
"Monroe County","17133","IL"
"Jo Daviess County","17085","IL"
"Jay County","18075","IN"
"Dearborn County","18029","IN"
"Ravalli County","30081","MT"
"McDuffie County","13189","GA"
"Red Lake County","27125","MN"
"Tallahatchie County","28135","MS"
"Irion County","48235","TX"
"Covington city","51580","VA"
"Richland Parish","22083","LA"
"Camp County","48063","TX"
"Mercer County","29129","MO"
"Turner County","13287","GA"
"Oakland County","26125","MI"
"Huntington County","18069","IN"
"Power County","16077","ID"
"Iron County","29093","MO"
"Nowata County","40105","OK"
"Franklin County","18047","IN"
"Lauderdale County","47097","TN"
"Claiborne County","47025","TN"
"Refugio County","48391","TX"
"Newton County","48351","TX"
"Val Verde County","48465","TX"
"Marion County","48315","TX"
"Gloucester County","51073","VA"
"Skagit County","53057","WA"
"Kitsap County","53035","WA"
"Hardy County","54031","WV"
"Allamakee County","19005","IA"
"Rawlins County","20153","KS"
"Smith County","20183","KS"
"Breckinridge County","21027","KY"
"Plaquemines Parish","22075","LA"
"Baltimore city","24510","MD"
"Dakota County","27037","MN"
"Traverse County","27155","MN"
"Platte County","29165","MO"
"Andrew County","29003","MO"
"Scott County","29201","MO"
"Roosevelt County","30085","MT"
"Nemaha County","31127","NE"
"Dawes County","31045","NE"
"Sheridan County","31161","NE"
"Nye County","32023","NV"
"Marshall County","01095","AL"
"Plumas County","06063","CA"
"Adams County","08001","CO"
"San Juan County","08111","CO"
"Coweta County","13077","GA"
"Morgan County","13211","GA"
"Smith County","48423","TX"
"Tunica County","28143","MS"
"Payne County","40119","OK"
"Calhoun County","54013","WV"
"Williamson County","17199","IL"
"Logan County","17107","IL"
"McLean County","17113","IL"
"Anderson County","20003","KS"
"Osborne County","20141","KS"
"Benton County","19011","IA"
"Wapello County","19179","IA"
"Lee County","28081","MS"
"Hinds County","28049","MS"
"Jefferson Davis County","28065","MS"
"Chouteau County","30015","MT"
"Dawson County","31047","NE"
"Polk County","31143","NE"
"Union County","34039","NJ"
"Avery County","37011","NC"
"Pamlico County","37137","NC"
"Pembina County","38067","ND"
"Cuyahoga County","39035","OH"
"Lincoln County","41041","OR"
"Northampton County","42095","PA"
"Butte County","46019","SD"
"Reeves County","48389","TX"
"Webb County","48479","TX"
"Sandoval County","35043","NM"
"Mora County","35033","NM"
"Rowan County","37159","NC"
"Wyoming County","36121","NY"
"Columbia County","42037","PA"
"Sumter County","45085","SC"
"Dorchester County","45035","SC"
"Jones County","46075","SD"
"Davidson County","47037","TN"
"Hopkins County","48223","TX"
"Moore County","48341","TX"
"Navarro County","48349","TX"
"Culpeper County","51047","VA"
"Franklin County","51067","VA"
"Rhea County","47143","TN"
"Apache County","04001","AZ"
"Yuma County","08125","CO"
"Weld County","08123","CO"
"Rio Blanco County","08103","CO"
"Randolph County","54083","WV"
"Dodge County","13091","GA"
"Panola County","28107","MS"
"Banner County","31007","NE"
"Henry County","18065","IN"
"Bay County","26017","MI"
"Nance County","31125","NE"
"Orange County","48361","TX"
"Daggett County","49009","UT"
"Washington County","49053","UT"
"Vilas County","55125","WI"
"Perry County","01105","AL"
"Sweetwater County","56037","WY"
"Mariposa County","06043","CA"
"Calaveras County","06009","CA"
"Douglas County","08035","CO"
"Bacon County","13005","GA"
"Blaine County","16013","ID"
"New Haven County","09009","CT"
"Rabun County","13241","GA"
"Franklin County","13119","GA"
"Payette County","16075","ID"
"Gibson County","18051","IN"
"Clinton County","19045","IA"
"Comanche County","20033","KS"
"Trimble County","21223","KY"
"Pendleton County","21191","KY"
"Queen Anne's County","24035","MD"
"St. Mary's County","24037","MD"
"Monroe County","28095","MS"
"Wilkin County","27167","MN"
"Holt County","29087","MO"
"Humboldt County","32013","NV"
"Brown County","17009","IL"
"Hancock County","18059","IN"
"Kiowa County","20097","KS"
"Hart County","21099","KY"
"Robertson County","21201","KY"
"Rockcastle County","21203","KY"
"St. Martin Parish","22099","LA"
"Green County","21087","KY"
"Chippewa County","27023","MN"
"DeKalb County","29063","MO"
"Washington County","05143","AR"
"Ventura County","06111","CA"
"New Castle County","10003","DE"
"Lee County","12071","FL"
"Yell County","05149","AR"
"Schuyler County","36097","NY"
"Griggs County","38039","ND"
"Montour County","42093","PA"
"Cumberland County","42041","PA"
"Mifflin County","42087","PA"
"Niagara County","36063","NY"
"Hyde County","37095","NC"
"Yancey County","37199","NC"
"St. Landry Parish","22097","LA"
"Sioux County","38085","ND"
"Columbiana County","39029","OH"
"Harney County","41025","OR"
"Brown County","46013","SD"
"Hawkins County","47073","TN"
"Lawrence County","47099","TN"
"Polk County","47139","TN"
"Fannin County","48147","TX"
"Chariton County","29041","MO"
"Marion County","45067","SC"
"Hyde County","46069","SD"
"Delta County","48119","TX"
"Parker County","48367","TX"
"Edwards County","48137","TX"
"Madison County","48313","TX"
"Waller County","48473","TX"
"Milam County","48331","TX"
"Thurston County","53067","WA"
"Douglas County","53017","WA"
"Worth County","13321","GA"
"Habersham County","13137","GA"
"Clinch County","13065","GA"
"Ware County","13299","GA"
"Bonner County","16017","ID"
"LaGrange County","18087","IN"
"LaPorte County","18091","IN"
"Johnson County","20091","KS"
"Nelson County","21179","KY"
"Lawrence County","18093","IN"
"Carroll County","18015","IN"
"Blaine County","31009","NE"
"Redwood County","27127","MN"
"Hubbard County","27057","MN"
"Garvin County","40049","OK"
"Grant County","38037","ND"
"Franklin County","01059","AL"
"Jackson County","01071","AL"
"Harris County","48201","TX"
"Chambers County","48071","TX"
"Lee County","51105","VA"
"Westmoreland County","51193","VA"
"Pittsylvania County","51143","VA"
"Klickitat County","53039","WA"
"Cabell County","54011","WV"
"Uinta County","56041","WY"
"Bullock County","01011","AL"
"Calhoun County","05013","AR"
"Jackson County","05067","AR"
"Cumberland County","21057","KY"
"Oldham County","21185","KY"
"Vermilion Parish","22113","LA"
"Pinal County","04021","AZ"
"Cecil County","24015","MD"
"Iron County","26071","MI"
"Houston County","27055","MN"
"Pearl River County","28109","MS"
"Cherry County","31031","NE"
"Douglas County","31055","NE"
"Cimarron County","40025","OK"
"Santa Clara County","06085","CA"
"Summit County","08117","CO"
"Chaffee County","08015","CO"
"Hendry County","12051","FL"
"Clay County","12019","FL"
"Kearney County","31099","NE"
"Hamilton County","36041","NY"
"Genesee County","36037","NY"
"Nicollet County","27103","MN"
"Pickaway County","39129","OH"
"Pawnee County","40117","OK"
"Lackawanna County","42069","PA"
"Brule County","46015","SD"
"Jefferson County","47089","TN"
"Anderson County","47001","TN"
"Greene County","13133","GA"
"Bartholomew County","18005","IN"
"Dubois County","18037","IN"
"Haskell County","20081","KS"
"Parke County","18121","IN"
"Estill County","21065","KY"
"Kennebec County","23011","ME"
"Chickasaw County","28017","MS"
"Choctaw County","28019","MS"
"Wayne County","29223","MO"
"York County","31185","NE"
"Ocean County","34029","NJ"
"Clay County","37043","NC"
"Swain County","37173","NC"
"Cleveland County","37045","NC"
"Erie County","39043","OH"
"Chesterfield County","45025","SC"
"Lincoln County","46083","SD"
"Lake County","47095","TN"
"Galveston County","48167","TX"
"Red River County","48387","TX"
"Mecklenburg County","51117","VA"
"Snohomish County","53061","WA"
"Grays Harbor County","53027","WA"
"Wood County","48499","TX"
"Utah County","49049","UT"
"Ouray County","08091","CO"
"Wirt County","54105","WV"
"Del Norte County","06015","CA"
"Logan County","08075","CO"
"Monroe County","12087","FL"
"Menominee County","55078","WI"
"Pratt County","20151","KS"
"Magoffin County","21153","KY"
"Ascension Parish","22005","LA"
"Kossuth County","19109","IA"
"O'Brien County","19141","IA"
"Grand Traverse County","26055","MI"
"Lincoln County","40081","OK"
"Montgomery County","51121","VA"
"Cattaraugus County","36009","NY"
"Saluda County","45081","SC"
"Greene County","47059","TN"
"Union Parish","22111","LA"
"Lauderdale County","01077","AL"
"San Diego County","06073","CA"
"Dolores County","08033","CO"
"Jerome County","16053","ID"
"Pendleton County","54071","WV"
"Vernon County","55123","WI"
"Lincoln County","56023","WY"
"Cullman County","01043","AL"
"Calhoun County","01015","AL"
"Arapahoe County","08005","CO"
"Putnam County","12107","FL"
"Gordon County","13129","GA"
"Franklin County","12037","FL"
"Muscatine County","19139","IA"
"Fulton County","21075","KY"
"Letcher County","21133","KY"
"Sabine Parish","22085","LA"
"Anne Arundel County","24003","MD"
"Leelanau County","26089","MI"
"Alpena County","26007","MI"
"Harrison County","28047","MS"
"Ste. Genevieve County","29186","MO"
"Scotland County","29199","MO"
"Valley County","30105","MT"
"Cape May County","34009","NJ"
"Cibola County","35006","NM"
"Woods County","40151","OK"
"Crawford County","18025","IN"
"Seminole County","40133","OK"
"Campbell County","47013","TN"
"Otero County","35035","NM"
"Socorro County","35053","NM"
"Lee County","17103","IL"
"Carter County","47019","TN"
"Aransas County","48007","TX"
"Cheatham County","47021","TN"
"Plymouth County","25023","MA"
"Orangeburg County","45075","SC"
"McCormick County","45065","SC"
"Henry County","51089","VA"
"Isle of Wight County","51093","VA"
"Kenosha County","55059","WI"
"Harding County","35021","NM"
"Scott County","51169","VA"
"Potter County","42105","PA"
"Langlade County","55067","WI"
"Tallapoosa County","01123","AL"
"New Madrid County","29143","MO"
"Quay County","35037","NM"
"Inyo County","06027","CA"
"Iredell County","37097","NC"
"Armstrong County","42005","PA"
"Vernon County","29217","MO"
"Bedford County","42009","PA"
"Manassas Park city","51685","VA"
"Charleston County","45019","SC"
"Austin County","48015","TX"
"Bon Homme County","46009","SD"
"Grainger County","47057","TN"
"Rich County","49033","UT"
"Columbia County","53013","WA"
"Washington County","41067","OR"
"Wayne County","49055","UT"
"Teton County","56039","WY"
"Granite County","30039","MT"
"Ashe County","37009","NC"
"Russell County","51167","VA"
"Luna County","35029","NM"
"Platte County","31141","NE"
"Burlington County","34005","NJ"
"Dodge County","31053","NE"
"Dakota County","31043","NE"
"Colonial Heights city","51570","VA"
"Cedar County","31027","NE"
"Allegheny County","42003","PA"
"Logan County","05083","AR"
"Beaufort County","45013","SC"
"Yankton County","46135","SD"
"Cocke County","47029","TN"
"Fairfax County","51059","VA"
"Pickens County","45077","SC"
"Newberry County","45071","SC"
"Rockingham County","37157","NC"
"Clarendon County","45027","SC"
"Randolph County","05121","AR"
"Archuleta County","08007","CO"
"Carroll County","21041","KY"
"Sumter County","01119","AL"
"East Feliciana Parish","22037","LA"
"Calvert County","24009","MD"
"Pike County","21195","KY"
"Suffolk County","25025","MA"
"Bucks County","42017","PA"
"Washington County","44009","RI"
"Hancock County","47067","TN"
"Robertson County","47147","TN"
"Lipscomb County","48295","TX"
"Tripp County","46123","SD"
"Macon County","47111","TN"
"Stewart County","47161","TN"
"Russell County","21207","KY"
"Barren County","21009","KY"
"Shelby County","21211","KY"
"Amite County","28005","MS"
"Grant County","40053","OK"
"Hudson County","34017","NJ"
"Polk County","37149","NC"
"Clackamas County","41005","OR"
"Riley County","20161","KS"
"Decatur County","20039","KS"
"Clay County","27027","MN"
"Schuyler County","29197","MO"
"Liberty County","30051","MT"
"Hill County","30041","MT"
"Nuckolls County","31129","NE"
"Mineral County","32021","NV"
"Morgan County","54065","WV"
"St. Croix County","55109","WI"
"Clarke County","01025","AL"
"Napa County","06055","CA"
"Henry County","21103","KY"
"Clay County","21051","KY"
"Grant County","27051","MN"
"Union County","28145","MS"
"Lawrence County","28077","MS"
"Texas County","29215","MO"
"Nash County","37127","NC"
"Cherokee County","40021","OK"
"Van Buren County","47175","TN"
"Cannon County","47015","TN"
"Gove County","20063","KS"
"Graham County","20065","KS"
"Codington County","46029","SD"
"Tishomingo County","28141","MS"
"Keya Paha County","31103","NE"
"Deaf Smith County","48117","TX"
"Iron County","49021","UT"
"Talladega County","01121","AL"
"Fountain County","18045","IN"
"Jackson Parish","22049","LA"
"Greeley County","31077","NE"
"Oklahoma County","40109","OK"
"Orange County","50017","VT"
"Whitman County","53075","WA"
"Stevens County","53065","WA"
"Campbell County","51031","VA"
"Meade County","46093","SD"
"Stanley County","46117","SD"
"Burleson County","48051","TX"
"Piute County","49031","UT"
"Rappahannock County","51157","VA"
"Lewis County","54041","WV"
"Knox County","47093","TN"
"Bexar County","48029","TX"
"Kimble County","48267","TX"
"Medina County","48325","TX"
"Botetourt County","51023","VA"
"Chattooga County","13055","GA"
"Randolph County","17157","IL"
"Newton County","18111","IN"
"Gallatin County","21077","KY"
"Lowndes County","28087","MS"
"Dixon County","31051","NE"
"Monroe County","36055","NY"
"Mitchell County","37121","NC"
"Emmons County","38029","ND"
"Baltimore County","24005","MD"
"Tulare County","06107","CA"
"McLean County","38055","ND"
"Madison County","17119","IL"
"Crockett County","48105","TX"
"Wythe County","51197","VA"
"Juneau County","55057","WI"
"Lamar County","28073","MS"
"Carlisle County","21039","KY"
"Walker County","13295","GA"
"Knox County","21121","KY"
"Switzerland County","18155","IN"
"Meade County","20119","KS"
"Union County","21225","KY"
"Wilkes County","13317","GA"
"Gooding County","16047","ID"
"Bingham County","16011","ID"
"Peoria County","17143","IL"
"Coffey County","20031","KS"
"Allen County","20001","KS"
"Iberville Parish","22047","LA"
"Marion County","47115","TN"
"Clarke County","51043","VA"
"Halifax County","51083","VA"
"Wahkiakum County","53069","WA"
"Chippewa County","26033","MI"
"Benzie County","26019","MI"
"Pike County","28113","MS"
"McDonald County","29119","MO"
"Oregon County","29149","MO"
"Lincoln County","32017","NV"
"Wichita County","48485","TX"
"Cache County","49005","UT"
"Suffolk city","51800","VA"
"Acadia Parish","22001","LA"
"Anoka County","27003","MN"
"Brown County","27015","MN"
"Swift County","27151","MN"
"Mayes County","40097","OK"
"Teton County","30099","MT"
"Brown County","31017","NE"
"Sebastian County","05131","AR"
"Mercer County","17131","IL"
"Orange County","06059","CA"
"Solano County","06095","CA"
"Litchfield County","09005","CT"
"Heard County","13149","GA"
"Will County","17197","IL"
"Mercer County","34021","NJ"
"Bergen County","34003","NJ"
"Rutherford County","37161","NC"
"Richmond County","37153","NC"
"Natchitoches Parish","22069","LA"
"Pepin County","55091","WI"
"Butler County","01013","AL"
"Delta County","08029","CO"
"Custer County","08027","CO"
"Newton County","13217","GA"
"Douglas County","13097","GA"
"Macon County","13193","GA"
"Bannock County","16005","ID"
"Cass County","17017","IL"
"Lincoln County","20105","KS"
"Camden County","34007","NJ"
"Randolph County","37151","NC"
"Stanly County","37167","NC"
"Edgecombe County","37065","NC"
"Roanoke County","51161","VA"
"Madison County","51113","VA"
"Rockbridge County","51163","VA"
"Fond du Lac County","55039","WI"
"Converse County","56009","WY"
"Kittson County","27069","MN"
"Big Horn County","30003","MT"
"Daniels County","30019","MT"
"Mercer County","21167","KY"
"Laramie County","56021","WY"
"Lonoke County","05085","AR"
"Newton County","05101","AR"
"Otero County","08089","CO"
"Orange County","12095","FL"
"Suwannee County","12121","FL"
"Jackson County","13157","GA"
"Calhoun County","45017","SC"
"Owsley County","21189","KY"
"Nez Perce County","16069","ID"
"Monroe County","18105","IN"
"Furnas County","31065","NE"
"Clark County","20025","KS"
"Terrell County","13273","GA"
"Marlboro County","45069","SC"
"Bennett County","46007","SD"
"Arenac County","26011","MI"
"Logan County","21141","KY"
"Wayne County","13305","GA"
"Barbour County","01005","AL"
"Polk County","05113","AR"
"Virginia Beach city","51810","VA"
"Mobile County","01097","AL"
"Big Horn County","56003","WY"
"San Jacinto County","48407","TX"
"Dunn County","38025","ND"
"Nacogdoches County","48347","TX"
"Baca County","08009","CO"
"Leon County","48289","TX"
"Guadalupe County","48187","TX"
"Ward County","48475","TX"
"Travis County","48453","TX"
"Houston County","48225","TX"
"Phillips County","30071","MT"
"Ralls County","29173","MO"
"Rio Arriba County","35039","NM"
"Adams County","38001","ND"
"Augusta County","51015","VA"
"Pend Oreille County","53051","WA"
"Brown County","55009","WI"
"Rock County","55105","WI"
"Lenawee County","26091","MI"
"Esmeralda County","32009","NV"
"Dallas County","48113","TX"
"San Saba County","48411","TX"
"Emanuel County","13107","GA"
"Deuel County","31049","NE"
"Lexington city","51678","VA"
"Taylor County","12123","FL"
"Haralson County","13143","GA"
"Crawford County","17033","IL"
"Washington County","16087","ID"
"Massac County","17127","IL"
"Glacier County","30035","MT"
"White Pine County","32033","NV"
"Towner County","38095","ND"
"Mercer County","39107","OH"
"Warren County","42123","PA"
"Lafayette County","55065","WI"
"Sheridan County","56033","WY"
"Grant County","18053","IN"
"Calhoun County","19025","IA"
"Coles County","17029","IL"
"Owen County","21187","KY"
"Grant Parish","22043","LA"
"Olmsted County","27109","MN"
"Todd County","27153","MN"
"Craig County","51045","VA"
"Chicot County","05017","AR"
"Spencer County","18147","IN"
"Lake County","18089","IN"
"Perry County","18123","IN"
"Crawford County","20037","KS"
"Taos County","35055","NM"
"Lancaster County","45057","SC"
"Oconee County","45073","SC"
"Hardeman County","47069","TN"
"Barrow County","13013","GA"
"Camas County","16025","ID"
"Greene County","17061","IL"
"Saline County","29195","MO"
"Carroll County","29033","MO"
"Stark County","38089","ND"
"Comanche County","48093","TX"
"Lee County","05077","AR"
"Marion County","05089","AR"
"Mono County","06051","CA"
"Kingman County","20095","KS"
"Long County","13183","GA"
"Madison County","21151","KY"
"Sharkey County","28125","MS"
"Cleveland County","05025","AR"
"New York County","36061","NY"
"Oswego County","36075","NY"
"Tioga County","36107","NY"
"Brown County","39015","OH"
"Kent County","44003","RI"
"Pennington County","27113","MN"
"Rankin County","28121","MS"
"St. Francois County","29187","MO"
"Daviess County","18027","IN"
"Iowa County","19095","IA"
"Metcalfe County","21169","KY"
"Harrison County","21097","KY"
"Elliott County","21063","KY"
"Marion County","20115","KS"
"Jasper County","28061","MS"
"Bollinger County","29017","MO"
"Kane County","49025","UT"
"Crittenden County","05035","AR"
"Richland County","38077","ND"
"Davidson County","37057","NC"
"Cleveland County","40027","OK"
"Bledsoe County","47007","TN"
"Iowa County","55049","WI"
"Outagamie County","55087","WI"
"Butte County","06007","CA"
"Appling County","13001","GA"
"McCone County","30055","MT"
"Lincoln County","35027","NM"
"Wilson County","37195","NC"
"Billings County","38007","ND"
"Auglaize County","39011","OH"
"Jefferson County","41031","OR"
"Lehigh County","42077","PA"
"Harmon County","40057","OK"
"Lexington County","45063","SC"
"Lee County","37105","NC"
"Marshall County","47117","TN"
"Fentress County","47049","TN"
"San Juan County","35045","NM"
"Texas County","40139","OK"
"Livingston Parish","22063","LA"
"Klamath County","41035","OR"
"Clark County","05019","AR"
"Gunnison County","08051","CO"
"Taylor County","13269","GA"
"Nicholas County","21181","KY"
"Yalobusha County","28161","MS"
"Pender County","37141","NC"
"Wayne County","39169","OH"
"Madison County","01089","AL"
"Mesa County","08077","CO"
"McIntosh County","13191","GA"
"Adams County","16003","ID"
"Wayne County","21231","KY"
"Lawrence County","21127","KY"
"Beaufort County","37013","NC"
"Meigs County","39105","OH"
"Blount County","47009","TN"
"Baker County","13007","GA"
"Douglas County","17041","IL"
"Ripley County","18137","IN"
"Pike County","18125","IN"
"Putnam County","18133","IN"
"Jefferson County","30043","MT"
"Sweet Grass County","30097","MT"
"Gosper County","31073","NE"
"Thomas County","31171","NE"
"Merrick County","31121","NE"
"Perry County","05105","AR"
"Richmond County","13245","GA"
"Linn County","20107","KS"
"Des Moines County","19057","IA"
"Polk County","29167","MO"
"Greenville County","45045","SC"
"Doniphan County","20043","KS"
"Jefferson County","21111","KY"
"Hardin County","21093","KY"
"Waldo County","23027","ME"
"Greene County","28041","MS"
"Box Elder County","49003","UT"
"Hancock County","54029","WV"
"Howard County","29089","MO"
"Boone County","31011","NE"
"Belknap County","33001","NH"
"Johnston County","37101","NC"
"Mercer County","38057","ND"
"Los Angeles County","06037","CA"
"Costilla County","08023","CO"
"Watauga County","37189","NC"
"Kershaw County","45055","SC"
"Wabasha County","27157","MN"
"Mahnomen County","27087","MN"
"Corson County","46031","SD"
"Allendale County","45005","SC"
"Gregory County","46053","SD"
"Giles County","47055","TN"
"Wayne County","47181","TN"
"Cochran County","48079","TX"
"Montague County","48337","TX"
"Sierra County","35051","NM"
"Madison County","36053","NY"
"Montgomery County","37123","NC"
"Muskogee County","40101","OK"
"Fairfield County","39045","OH"
"Marion County","41047","OR"
"Hand County","46059","SD"
"Charles County","24017","MD"
"Fairfield County","09001","CT"
"Catoosa County","13047","GA"
"Multnomah County","41051","OR"
"Routt County","08107","CO"
"Dixie County","12029","FL"
"Aroostook County","23003","ME"
"Union County","41061","OR"
"Victoria County","48469","TX"
"Shannon County","29203","MO"
"Avoyelles Parish","22009","LA"
"Jones County","28067","MS"
"Elkhart County","18039","IN"
"Warrick County","18173","IN"
"Loup County","31115","NE"
"Cuming County","31039","NE"
"Ingham County","26065","MI"
"Montmorency County","26119","MI"
"Craig County","40035","OK"
"Clearwater County","16035","ID"
"Hamilton County","47065","TN"
"Frederick County","24021","MD"
"Pope County","17151","IL"
"Emery County","49015","UT"
"Choctaw County","01023","AL"
"Crawford County","05033","AR"
"San Miguel County","08113","CO"
"Whitfield County","13313","GA"
"Surry County","51181","VA"
"Posey County","18129","IN"
"Charlotte County","12015","FL"
"Middlesex County","09007","CT"
"Yadkin County","37197","NC"
"Chilton County","01021","AL"
"Greeley County","20071","KS"
"Keweenaw County","26083","MI"
"Menifee County","21165","KY"
"Wake County","37183","NC"
"Jackson County","27063","MN"
"Union County","05139","AR"
"Crittenden County","21055","KY"
"Anson County","37007","NC"
"Appanoose County","19007","IA"
"Bienville Parish","22013","LA"
"Rowan County","21205","KY"
"Washington County","27163","MN"
"Canyon County","16027","ID"
"Cassia County","16031","ID"
"Bristol County","25005","MA"
"Essex County","25009","MA"
"Morgan County","17137","IL"
"Chester County","42029","PA"
"Le Sueur County","27079","MN"
"Benton County","53005","WA"
"Yakima County","53077","WA"
"Madison County","47113","TN"
"Cheyenne County","31033","NE"
"New London County","09011","CT"
"Madison County","16065","ID"
"Chambers County","01017","AL"
"Vigo County","18167","IN"
"San Mateo County","06081","CA"
"Richmond County","51159","VA"
"Fort Bend County","48157","TX"
"Mississippi County","29133","MO"
"Otsego County","26137","MI"
"Ashtabula County","39007","OH"
"Prince William County","51153","VA"
"DeKalb County","17037","IL"
"Knott County","21119","KY"
"Carroll County","19027","IA"
"Kootenai County","16055","ID"
"Ohio County","18115","IN"
"Lyon County","19119","IA"
"Ballard County","21007","KY"
"Kenton County","21117","KY"
"Vernon Parish","22115","LA"
"Hampden County","25013","MA"
"Grant County","53025","WA"
"Madison County","30057","MT"
"Rutland County","50021","VT"
"Fleming County","21069","KY"
"Lincoln County","23015","ME"
"Marion County","12083","FL"
"Montgomery County","24031","MD"
"Chester County","47023","TN"
"Webster Parish","22119","LA"
"Robeson County","37155","NC"
"Meade County","21163","KY"
"Bourbon County","21017","KY"
"Breathitt County","21025","KY"
"Tangipahoa Parish","22105","LA"
"Somerset County","23025","ME"
"Marquette County","26103","MI"
"Jackson County","29095","MO"
"Goliad County","48175","TX"
"Garland County","05051","AR"
"Queens County","36081","NY"
"Ontonagon County","26131","MI"
"Rockingham County","33015","NH"
"Greene County","05055","AR"
"Dundy County","31057","NE"
"Clay County","01027","AL"
"Hancock County","21091","KY"
"Branch County","26023","MI"
"Salt Lake County","49035","UT"
"Morgan County","21175","KY"
"Roane County","54087","WV"
"Wilkes County","37193","NC"
"Wadena County","27159","MN"
"Marshall County","46091","SD"
"York County","23031","ME"
"Boyd County","21019","KY"
"Cherokee County","48073","TX"
"Catron County","35003","NM"
"Wabaunsee County","20197","KS"
"Noble County","40103","OK"
"York County","51199","VA"
"Weakley County","47183","TN"
"Guernsey County","39059","OH"
"Cherokee County","01019","AL"
"Scott County","05127","AR"
"Fulton County","05049","AR"
"Clay County","05021","AR"
"Highlands County","12055","FL"
"Henderson County","37089","NC"
"Harrison County","19085","IA"
"Denton County","48121","TX"
"Santa Cruz County","06087","CA"
"Mahoning County","39099","OH"
"Chisago County","27025","MN"
"Kimball County","31105","NE"
"Carbon County","30009","MT"
"Hillsborough County","33011","NH"
"Sublette County","56035","WY"
"Oneida County","16071","ID"
"Caroline County","24011","MD"
"Gem County","16045","ID"
"De Soto Parish","22031","LA"
"Arkansas County","05001","AR"
"Gloucester County","34015","NJ"
"Colusa County","06011","CA"
"Washington County","12133","FL"
"Clarke County","13059","GA"
"Laurens County","13175","GA"
"Schuyler County","17169","IL"
"Noble County","18113","IN"
"Owen County","18119","IN"
"Edwards County","20047","KS"
"Polk County","19153","IA"
"Hancock County","13141","GA"
"Amelia County","51007","VA"
"Bonneville County","16019","ID"
"Delaware County","40041","OK"
"Marion County","39101","OH"
"Macon County","01087","AL"
"Renville County","27129","MN"
"Skamania County","53059","WA"
"Wheatland County","30107","MT"
"Jefferson County","48245","TX"
"Windham County","50025","VT"
"Box Butte County","31013","NE"
"Norfolk County","25021","MA"
"Franklin County","29071","MO"
"Rockdale County","13247","GA"
"Jefferson County","16051","ID"
"Bronx County","36005","NY"
"Bradley County","05011","AR"
"Brevard County","12009","FL"
"Imperial County","06025","CA"
"Ochiltree County","48357","TX"
"Houghton County","26061","MI"
"Middlesex County","51119","VA"
"Walla Walla County","53071","WA"
"Dallas County","01047","AL"
"Conway County","05029","AR"
"Louisa County","51109","VA"
"Franklin County","50011","VT"
"Lunenburg County","51111","VA"
"Cascade County","30013","MT"
"Mathews County","51115","VA"
"Stoddard County","29207","MO"
"Cumberland County","34011","NJ"
"Alachua County","12001","FL"
"Somerset County","24039","MD"
"Pitt County","37147","NC"
"Overton County","47133","TN"
"Winnebago County","17201","IL"
"Pickett County","47137","TN"
"Benewah County","16009","ID"
"Bertie County","37015","NC"
"Adams County","42001","PA"
"Morrow County","41049","OR"
"Blair County","42013","PA"
"Gibson County","47053","TN"
"Nantucket County","25019","MA"
"Adams County","28001","MS"
"Winn Parish","22127","LA"
"Oscoda County","26135","MI"
"Marshall County","27089","MN"
"Dickinson County","20041","KS"
"Washington County","51191","VA"
"Pike County","01109","AL"
"Hot Spring County","05059","AR"
"Sheridan County","38083","ND"
"Webster County","29225","MO"
"Howard County","05061","AR"
"Davie County","37059","NC"
"Shelby County","47157","TN"
"Worth County","19195","IA"
"White County","17193","IL"
"Muhlenberg County","21177","KY"
"Dyer County","47045","TN"
"Ohio County","21183","KY"
"Perry County","21193","KY"
"Oceana County","26127","MI"
"Powell County","21197","KY"
"Aiken County","45003","SC"
"Pierce County","55093","WI"
"Judith Basin County","30045","MT"
"Buckingham County","51029","VA"
"Caroline County","51033","VA"
"Richmond city","51760","VA"
"Clay County","54015","WV"
"Washington County","47179","TN"
"Duplin County","37061","NC"
"Fremont County","16043","ID"
"Little River County","05081","AR"
"Tipton County","47167","TN"
"Montgomery County","20125","KS"
"Sumner County","20191","KS"
"Houston County","47083","TN"
"Clarion County","42031","PA"
"Humphreys County","47085","TN"
"Edgefield County","45037","SC"
"Ozaukee County","55089","WI"
"Campbell County","56005","WY"
"Sevier County","47155","TN"
"Ada County","16001","ID"
"Coosa County","01037","AL"
"Madison County","39097","OH"
"Indian River County","12061","FL"
"Iroquois County","17075","IL"
"Henry County","01067","AL"
"Miller County","05091","AR"
"Brazoria County","48039","TX"
"Madison County","31119","NE"
"Dickey County","38021","ND"
"Alleghany County","37005","NC"
"Charlevoix County","26029","MI"
"Schoolcraft County","26153","MI"
"Gillespie County","48171","TX"
"Van Zandt County","48467","TX"
"Freestone County","48161","TX"
"Dinwiddie County","51053","VA"
"Tillamook County","41057","OR"
"Clinton County","42035","PA"
"Berkshire County","25003","MA"
"Deschutes County","41017","OR"
"Patrick County","51141","VA"
"Gonzales County","48177","TX"
"Minidoka County","16067","ID"
"Juniata County","42067","PA"
"Lake County","17097","IL"
"Starke County","18149","IN"
"Lancaster County","42071","PA"
"Vance County","37181","NC"
"Surry County","37171","NC"
"Calhoun County","17013","IL"
"Coffee County","47031","TN"
"Vermillion County","18165","IN"
"Trousdale County","47169","TN"
"Wilson County","47189","TN"
"Gilmer County","13123","GA"
"Sevier County","49041","UT"
"Washington County","50023","VT"
"Kent County","10001","DE"
"Clay County","31035","NE"
"Lawrence County","29109","MO"
"Cole County","29051","MO"
"Lincoln County","31111","NE"
"Saline County","20169","KS"
"Becker County","27005","MN"
"Tulsa County","40143","OK"
"Cooper County","29053","MO"
"Florence County","55037","WI"
"Independence County","05063","AR"
"Pottawatomie County","20149","KS"
"Androscoggin County","23001","ME"
"Sagadahoc County","23023","ME"
"Colorado County","48089","TX"
"Comal County","48091","TX"
"Crane County","48103","TX"
"Culberson County","48109","TX"
"Clark County","16033","ID"
"Anderson County","48001","TX"
"Brookings County","46011","SD"
"Caldwell County","21033","KY"
"Henry County","47079","TN"
"Butler County","29023","MO"
"Burnet County","48053","TX"
"Chaves County","35005","NM"
"Roosevelt County","35041","NM"
"Nelson County","38063","ND"
"Burke County","37023","NC"
"Snyder County","42109","PA"
"Spotsylvania County","51177","VA"
"Merrimack County","33013","NH"
"Westmoreland County","42129","PA"
"Camden County","29029","MO"
"Bristol city","51520","VA"
"Buena Vista city","51530","VA"
"Jefferson County","05069","AR"
"Lewis County","21135","KY"
"Hennepin County","27053","MN"
"Sumner County","47165","TN"
"Scotland County","37165","NC"
"DuPage County","17043","IL"
"Edgar County","17045","IL"
"Hancock County","17067","IL"
"Carroll County","51035","VA"
"Anderson County","45007","SC"
"Unicoi County","47171","TN"
"Crook County","56011","WY"
"Lee County","45061","SC"
"Essex County","51057","VA"
"Williamson County","47187","TN"
"Monmouth County","34025","NJ"
"Madison County","37115","NC"
"Martinsville city","51690","VA"
"Pike County","05109","AR"
"Chesterfield County","51041","VA"
"Livingston County","21139","KY"
"San Joaquin County","06077","CA"
"Chatham County","37037","NC"
"McLean County","21149","KY"
"Fillmore County","27045","MN"
"Lyon County","27083","MN"
"Hampton County","45049","SC"
"Yuba County","06115","CA"
"Transylvania County","37175","NC"
"Steuben County","18151","IN"
"Lamar County","48277","TX"
"Kit Carson County","08063","CO"
"Lawrence County","42073","PA"
"Polk County","55095","WI"
"Leslie County","21131","KY"
"Adams County","17001","IL"
"Hall County","31079","NE"
"Wallace County","20199","KS"
"Dallam County","48111","TX"
"Galax city","51640","VA"
"Livingston County","36051","NY"
"Shawano County","55115","WI"
"Pike County","29163","MO"
"Hood County","48221","TX"
"Cherokee County","45021","SC"
"Carbon County","42025","PA"
"Hamblen County","47063","TN"
"Bee County","48025","TX"
"Centre County","42027","PA"
"Sullivan County","47163","TN"
"Gallatin County","30031","MT"
"Perry County","47135","TN"
"Clark County","53011","WA"
"Nelson County","51125","VA"
"Forest County","42053","PA"
"Jefferson County","29099","MO"
"Lafayette County","29107","MO"
"Livingston County","29117","MO"
"Maries County","29125","MO"
"Osage County","29151","MO"
"Prince Edward County","51147","VA"
"Jefferson Davis Parish","22053","LA"
"Moultrie County","17139","IL"
"Hickman County","21105","KY"
"Martin County","21159","KY"
"Pickens County","01107","AL"
"Campbell County","21037","KY"
"Washington Parish","22117","LA"
"Lawrence County","46081","SD"
"Deer Lodge County","30023","MT"
"Silver Bow County","30093","MT"
"King and Queen County","51097","VA"
"Worcester County","25027","MA"
"Charlton County","13049","GA"
"Franklin County","42055","PA"
"Preston County","54077","WV"
"Charles Mix County","46023","SD"
"Franklin County","23007","ME"
"Bladen County","37017","NC"
"Dickinson County","26043","MI"
"Johnson County","21115","KY"
"Big Stone County","27011","MN"
"Iberia Parish","22045","LA"
"Beauregard Parish","22011","LA"
"Musselshell County","30065","MT"
"Burleigh County","38015","ND"
"San Miguel County","35047","NM"
"Stutsman County","38093","ND"
"Putnam County","39137","OH"
"Benson County","38005","ND"
"Hancock County","39063","OH"
"Cape Girardeau County","29031","MO"
"Strafford County","33017","NH"
"Ramsey County","27123","MN"
"Sarpy County","31153","NE"
"Stafford County","51179","VA"
"Caldwell County","37027","NC"
"Jackson County","47087","TN"
"Harford County","24025","MD"
"Dewey County","46041","SD"
"Kent County","24029","MD"
"Davis County","49011","UT"
"Weber County","49057","UT"
"Panola County","48365","TX"
"Benton County","27009","MN"
"Wolfe County","21237","KY"
"Bell County","21013","KY"
"Cumberland County","23005","ME"
"Alameda County","06001","CA"
"Alamance County","37001","NC"
"Williamsburg County","45089","SC"
"Washington County","48477","TX"
"McIntosh County","40091","OK"
"Canadian County","40017","OK"
"Rogers County","40131","OK"
"Broomfield County","08014","CO"
"Kaufman County","48257","TX"
"Mitchell County","48335","TX"
"San Augustine County","48405","TX"
"Loudoun County","51107","VA"
"Loudon County","47105","TN"
"Worcester County","24047","MD"
"Cooke County","48097","TX"
"Holmes County","12059","FL"
"Jefferson County","12065","FL"
"Levy County","12075","FL"
"Pinellas County","12103","FL"
"Columbia County","41009","OR"
"Mercer County","54055","WV"
"Monroe County","47123","TN"
"Madison County","12079","FL"
"Holmes County","28051","MS"
"Giles County","51071","VA"
"Larimer County","08069","CO"
"Coffee County","01031","AL"
"Accomack County","51001","VA"
"Northampton County","37131","NC"
"Crenshaw County","01041","AL"
"Bulloch County","13031","GA"
"Macon County","37113","NC"
"Edwards County","17047","IL"
"Hinsdale County","08053","CO"
"Perkins County","46105","SD"
"Columbia County","55021","WI"
"Page County","19145","IA"
"Greenbrier County","54025","WV"
"Boise County","16015","ID"
"Vanderburgh County","18163","IN"
"Lake County","27075","MN"
"Scott County","27139","MN"
"Cheshire County","33005","NH"
"Warren County","13301","GA"
"Humboldt County","06023","CA"
"Oldham County","48359","TX"
"Sherburne County","27141","MN"
"Brunswick County","37019","NC"
"Putnam County","47141","TN"
"Baker County","12003","FL"
"Cass County","27021","MN"
"Crow Wing County","27035","MN"
"Williams County","39171","OH"
"Caledonia County","50005","VT"
"Hopkins County","21107","KY"
"Ottawa County","39123","OH"
"Jasper County","19099","IA"
"Bedford County","47003","TN"
"Christian County","21047","KY"
"Harnett County","37085","NC"
"Union County","42119","PA"
"Darlington County","45031","SC"
"Beltrami County","27007","MN"
"Lafayette County","12067","FL"
"Beaver County","42007","PA"
"Clay County","29047","MO"
"Roberts County","46109","SD"
"Oglala Lakota County","46102","SD"
"Crawford County","42039","PA"
"Park County","08093","CO"
"Millard County","49027","UT"
"Uintah County","49047","UT"
"Bell County","48027","TX"
"New Kent County","51127","VA"
"Orleans County","50019","VT"
"Tucker County","54093","WV"
"Colquitt County","13071","GA"
"Jefferson County","54037","WV"
"Chittenden County","50007","VT"
"Dillon County","45033","SC"
"Georgetown County","45043","SC"
"Escambia County","01053","AL"
"Muskegon County","26121","MI"
"Montgomery County","47125","TN"
"Wheeler County","41069","OR"
"Meagher County","30059","MT"
"Mackinac County","26097","MI"
"Garza County","48169","TX"
"Teller County","08119","CO"
"Crawford County","55023","WI"
"Kendall County","48259","TX"
"Howard County","48227","TX"
"Bradford County","12007","FL"
"Osage County","40113","OK"
"Orange County","36071","NY"
"Henderson County","48213","TX"
"Albany County","36001","NY"
"Marengo County","01091","AL"
"Albany County","56001","WY"
"Horry County","45051","SC"
"Windham County","09015","CT"
"Mineral County","08079","CO"
"Grant County","54023","WV"
"Brooks County","48047","TX"
"Richland County","45079","SC"
"Arlington County","51013","VA"
"Duval County","48131","TX"
"Tazewell County","51185","VA"
"Columbia County","12023","FL"
"Nassau County","12089","FL"
"Wetzel County","54103","WV"
"Fulton County","39051","OH"
"Piscataquis County","23021","ME"
"Pulaski County","17153","IL"
"Hale County","01065","AL"
"Lincoln County","54043","WV"
"Logan County","54045","WV"
"Knox County","48275","TX"
"Green County","55045","WI"
"Marin County","06041","CA"
"Noble County","39121","OH"
"Teton County","16081","ID"
"Columbia County","13073","GA"
"Union County","17181","IL"
"Boone County","05009","AR"
"Lee County","13177","GA"
"Smith County","28129","MS"
"Pottawattamie County","19155","IA"
"Forsyth County","13117","GA"
"Owyhee County","16073","ID"
"Geauga County","39055","OH"
"Cameron Parish","22023","LA"
"Butte County","16023","ID"
"Dooly County","13093","GA"
"White County","05145","AR"
"Ziebach County","46137","SD"
"Lander County","32015","NV"
"Carson City","32510","NV"
"Valencia County","35061","NM"
"Marshall County","19127","IA"
"Ontario County","36069","NY"
"Cambria County","42021","PA"
"Custer County","31041","NE"
"Benton County","05007","AR"
"Bay County","12005","FL"
"Hamilton County","20075","KS"
"Franklin County","25011","MA"
"Madison County","18095","IN"
"Cottonwood County","27033","MN"
"Brantley County","13025","GA"
"Prairie County","05117","AR"
"Phillips County","05107","AR"
"Milwaukee County","55079","WI"
"Jackson County","55053","WI"
"El Paso County","48141","TX"
"Hamilton County","39061","OH"
"St. Charles Parish","22089","LA"
"Taney County","29213","MO"
"Jefferson County","53031","WA"
"Lincoln County","53043","WA"
"Mason County","53045","WA"
"St. Tammany Parish","22103","LA"
"Effingham County","13103","GA"
"Jackson County","40065","OK"
"Tillman County","40141","OK"
"Clinton County","21053","KY"
"Coleman County","48083","TX"
"Bartow County","13015","GA"
"Sabine County","48403","TX"
"Sherman County","48421","TX"
"Starr County","48427","TX"
"Evans County","13109","GA"
"Fisher County","48151","TX"
"Lynn County","48305","TX"
"Putnam County","29171","MO"
"Essex County","36031","NY"
"Adair County","40001","OK"
"Carroll County","05015","AR"
"Gregg County","48183","TX"
"Greene County","36039","NY"
"Hancock County","28045","MS"
"Frontier County","31063","NE"
"Lincoln County","47103","TN"
"Moore County","47127","TN"
"Broome County","36007","NY"
"Brazos County","48041","TX"
"Washington County","39167","OH"
"Monroe County","01099","AL"
"Island County","53029","WA"
"Douglas County","41019","OR"
"Ritchie County","54085","WV"
"Sullivan County","29211","MO"
"Tyler County","54095","WV"
"Fallon County","30025","MT"
"Sheridan County","30091","MT"
"Bland County","51021","VA"
"Franklin County","31061","NE"
"Lucas County","39095","OH"
"Limestone County","01083","AL"
"Woodruff County","05147","AR"
"Okfuskee County","40107","OK"
"Ashland County","39005","OH"
"Camden County","13039","GA"
"Fayette County","42051","PA"
"Fulton County","17057","IL"
"Park County","30067","MT"
"Cass County","26027","MI"
"Elbert County","13105","GA"
"Hamilton County","12047","FL"
"Franklin County","05047","AR"
"Pike County","42103","PA"
"Tensas Parish","22107","LA"
"Carter County","40019","OK"
"Monona County","19133","IA"
"Stephens County","13257","GA"
"Greer County","40055","OK"
"Tattnall County","13267","GA"
"Towns County","13281","GA"
"Love County","40085","OK"
"Lafayette County","05073","AR"
"Fergus County","30027","MT"
"Richland County","30083","MT"
"Jones County","37103","NC"
"Lowndes County","13185","GA"
"Okanogan County","53047","WA"
"Ben Hill County","13017","GA"
"Whatcom County","53073","WA"
"Grimes County","48185","TX"
"Gallia County","39053","OH"
"Wayne County","54099","WV"
"Highland County","51091","VA"
"Oneida County","55085","WI"
"Wood County","55141","WI"
"Fremont County","56013","WY"
"Hot Springs County","56017","WY"
"Mille Lacs County","27095","MN"
"Carbon County","49007","UT"
"Wayne County","42127","PA"
"Herkimer County","36043","NY"
"Otsego County","36077","NY"
"Johnson County","05071","AR"
"Brooks County","13027","GA"
"Atoka County","40005","OK"
"Fauquier County","51061","VA"
"Washington County","36115","NY"
"Chenango County","36017","NY"
"Jefferson County","01073","AL"
"Doddridge County","54017","WV"
"Bradley County","47011","TN"
"Boone County","54005","WV"
"Clatsop County","41007","OR"
"Liberty County","12077","FL"
"DeSoto County","28033","MS"
"Clear Creek County","08019","CO"
"Crowley County","08025","CO"
"Madison County","29123","MO"
"Ozark County","29153","MO"
"Stephens County","40137","OK"
"Reynolds County","29179","MO"
"Lake County","30047","MT"
"Pointe Coupee Parish","22077","LA"
"Fremont County","08043","CO"
"Madison County","05087","AR"
"Decatur County","13087","GA"
"Dougherty County","13095","GA"
"Mitchell County","13205","GA"
"Thomas County","13275","GA"
"Wilcox County","13315","GA"
"Mineral County","54057","WV"
"Frederick County","51069","VA"
"Talbot County","13263","GA"
"Cherokee County","20021","KS"
"Ramsey County","38071","ND"
"Grayson County","48181","TX"
"Greene County","01063","AL"
"Bath County","51017","VA"
"Fayette County","54019","WV"
"Twiggs County","13289","GA"
"Garfield County","30033","MT"
"Alexander County","37003","NC"
"Leflore County","28083","MS"
"Columbus County","37047","NC"
"Carlton County","27017","MN"
"Clearfield County","42033","PA"
"Boone County","29019","MO"
"Mendocino County","06045","CA"
"Republic County","20157","KS"
"Washington County","20201","KS"
"Pope County","05115","AR"
"Dutchess County","36027","NY"
"Matagorda County","48321","TX"
"Hampshire County","25015","MA"
"Grayson County","21085","KY"
"Henderson County","17071","IL"
"Ouachita County","05103","AR"
"Martin County","37117","NC"
"Walthall County","28147","MS"
"Upson County","13293","GA"
"Morgan County","49029","UT"
"Berkeley County","54003","WV"
"Manitowoc County","55071","WI"
"Marion County","01093","AL"
"Mills County","48333","TX"
"Boyle County","21021","KY"
"Kiowa County","40075","OK"
"Perquimans County","37143","NC"
"Carroll County","24013","MD"
"Colleton County","45029","SC"
"Sevier County","05133","AR"
"Walsh County","38099","ND"
"Gilchrist County","12041","FL"
"Duchesne County","49013","UT"
"Grand County","49019","UT"
"Lampasas County","48281","TX"
"Kay County","40071","OK"
"Choctaw County","40023","OK"
"Hughes County","40063","OK"
"Lee County","48287","TX"
"Montgomery County","48339","TX"
"Murray County","40099","OK"
"Pittsburg County","40121","OK"
"Pontotoc County","40123","OK"
"Haskell County","40061","OK"
"Jefferson Parish","22051","LA"
"Portsmouth city","51740","VA"
"Clark County","18019","IN"
"Elk County","20049","KS"
"Albemarle County","51003","VA"
"Assumption Parish","22007","LA"
"Chemung County","36015","NY"
"Missoula County","30063","MT"
"Wilbarger County","48487","TX"
"Lake County","08065","CO"
"Lincoln County","08073","CO"
"Hertford County","37091","NC"
"Gadsden County","12039","FL"
"Cortland County","36023","NY"
"Susquehanna County","42115","PA"
"McClain County","40087","OK"
"Saratoga County","36091","NY"
"Delaware County","36025","NY"
"St. John the Baptist Parish","22095","LA"
"Houston County","13153","GA"
"Jeff Davis County","13161","GA"
"Wyandot County","39175","OH"
"Iosco County","26069","MI"
"Dukes County","25007","MA"
"Pawnee County","20145","KS"
"Washita County","40149","OK"
"Wyandotte County","20209","KS"
"Jasper County","29097","MO"
"Carteret County","37031","NC"
"Russell County","01113","AL"
"District of Columbia","11001","DC"
"Caribou County","16029","ID"
"Rock County","31149","NE"
"Los Alamos County","35028","NM"
"Miller County","29131","MO"
"Franklin County","28037","MS"
"George County","28039","MS"
"Lewis County","53041","WA"
"Grady County","13131","GA"
"Callaway County","29027","MO"
"Hunterdon County","34019","NJ"
"Nassau County","36059","NY"
"Jersey County","17083","IL"
"Hillsdale County","26059","MI"
"Cumberland County","37051","NC"
"Cook County","17031","IL"
"Essex County","34013","NJ"
"Powell County","30077","MT"
"Sutter County","06101","CA"
"Montgomery County","01101","AL"
"Dickenson County","51051","VA"
"Candler County","13043","GA"
"Pitkin County","08097","CO"
"Thomas County","20193","KS"
"Fairfield County","45039","SC"
"Salem city","51775","VA"
"Bryan County","13029","GA"
"Hill County","48217","TX"
"Jackson County","46071","SD"
"Ross County","39141","OH"
"Wagoner County","40145","OK"
"Schuylkill County","42107","PA"
"Bamberg County","45009","SC"
"Grundy County","47061","TN"
"Robertson County","48395","TX"
"Tarrant County","48439","TX"
"Kerr County","48265","TX"
"Williamson County","48491","TX"
"Cumberland County","51049","VA"
"Lafourche Parish","22057","LA"
"Emmet County","26047","MI"
"Kane County","17089","IL"
"Riverside County","06065","CA"
"Ottawa County","40115","OK"
"Jones County","13169","GA"
"Umatilla County","41059","OR"
"Lassen County","06035","CA"
"Gogebic County","26053","MI"
"Windsor County","50027","VT"
"Washington County","13303","GA"
"Treasure County","30103","MT"
"Dona Ana County","35013","NM"
"Hamilton County","19079","IA"
"Clayton County","19043","IA"
"Buffalo County","55011","WI"
"Bent County","08011","CO"
"Howell County","29091","MO"
"Elko County","32007","NV"
"Currituck County","37053","NC"
"Kenedy County","48261","TX"
"Sequoyah County","40135","OK"
"Wallowa County","41063","OR"
"Johnson County","13167","GA"
"Yamhill County","41071","OR"
"Forest County","55041","WI"
"Preble County","39135","OH"
"Catahoula Parish","22025","LA"
"Cass County","29037","MO"
"Sonoma County","06097","CA"
"Oxford County","23017","ME"
"Baxter County","05005","AR"
"Lea County","35025","NM"
"Randolph County","18135","IN"
"Putnam County","54079","WV"
"Raleigh County","54081","WV"
"Wyoming County","54109","WV"
"Sussex County","34037","NJ"
"Adams County","18001","IN"
"Cumberland County","47035","TN"
"Van Buren County","19177","IA"
"Butler County","21031","KY"
"Bradford County","42015","PA"
"Clark County","29045","MO"
"Desha County","05041","AR"
"Alamosa County","08003","CO"
"Citrus County","12017","FL"
"Dorchester County","24019","MD"
"Marion County","29127","MO"
"Carroll County","33003","NH"
"Pima County","04019","AZ"
"Gulf County","12045","FL"
"Santa Fe County","35049","NM"
"Itawamba County","28057","MS"
"Lewis County","29111","MO"
"Haywood County","37087","NC"
"Jefferson County","18077","IN"
"Richardson County","31147","NE"
"Pushmataha County","40127","OK"
"Stillwater County","30095","MT"
"Dubuque County","19061","IA"
"Tyler County","48457","TX"
"Quitman County","13239","GA"
"Monroe County","26115","MI"
"Plymouth County","19149","IA"
"Real County","48385","TX"
"Hanover County","51085","VA"
"Sedgwick County","08115","CO"
"Crisp County","13081","GA"
"Mills County","19129","IA"
"Sac County","19161","IA"
"Roberts County","48393","TX"
"Jackson County","17077","IL"
"Prince George's County","24033","MD"
"Lauderdale County","28075","MS"
"Harlan County","31083","NE"
"Erie County","36029","NY"
"Faulkner County","05045","AR"
"Washington County","01129","AL"
"Addison County","50001","VT"
"Fulton County","13121","GA"
"Harrison County","29081","MO"
"Montezuma County","08083","CO"
"Blaine County","30005","MT"
"Tuscola County","26157","MI"
"Golden Valley County","38033","ND"
"Douglas County","32005","NV"
"Prowers County","08099","CO"
"Greensville County","51081","VA"
"Rock Island County","17161","IL"
"Presidio County","48377","TX"
"Huerfano County","08055","CO"
"Greene County","18055","IN"
"Shiawassee County","26155","MI"
"Attala County","28007","MS"
"Rosebud County","30087","MT"
"Forsyth County","37067","NC"
"Franklin County","37069","NC"
"Madison Parish","22065","LA"
"Warren County","28149","MS"
"Brewster County","48043","TX"
"Alleghany County","51005","VA"
"Etowah County","01055","AL"
"Merced County","06047","CA"
"Rockingham County","51165","VA"
"Shenandoah County","51171","VA"
"Yazoo County","28163","MS"
"Leake County","28079","MS"
"Quitman County","28119","MS"
"Concordia Parish","22029","LA"
"Winona County","27169","MN"
"Lake County","41037","OR"
"Barnwell County","45011","SC"
"Okeechobee County","12093","FL"
"Chatham County","13051","GA"
"Sioux County","19167","IA"
"Jefferson County","08059","CO"
"Bracken County","21023","KY"
"Clark County","32003","NV"
"Leavenworth County","20103","KS"
"Powhatan County","51145","VA"
"East Baton Rouge Parish","22033","LA"
"Motley County","48345","TX"
"Miami-Dade County","12086","FL"
"Putnam County","13237","GA"
"Coshocton County","39031","OH"
"Screven County","13251","GA"
"Stewart County","13259","GA"
"Jasper County","13159","GA"
"Maverick County","48323","TX"
"Hampshire County","54027","WV"
"Conecuh County","01035","AL"
"Monroe County","42089","PA"
"Cayuga County","36011","NY"
"White County","18181","IN"
"Manistee County","26101","MI"
"Garrett County","24023","MD"
"Stanislaus County","06099","CA"
"Talbot County","24041","MD"
"Treutlen County","13283","GA"
"Wibaux County","30109","MT"
"Polk County","41053","OR"
"Greene County","39057","OH"
"Franklin County","39049","OH"
"Clallam County","53009","WA"
"Carroll County","13045","GA"
"Jackson County","37099","NC"
"Mingo County","54059","WV"
"Monongalia County","54061","WV"
"Lincoln County","13181","GA"
"Kleberg County","48273","TX"
"Terrell County","48443","TX"
"Rensselaer County","36083","NY"
"Butts County","13035","GA"
"Turner County","46125","SD"
"Lumpkin County","13187","GA"
"Fannin County","13111","GA"
"Knox County","18083","IN"
"Cass County","31025","NE"
"Jackson County","41029","OR"
"Pulaski County","21199","KY"
"Obion County","47131","TN"
"McKenzie County","38053","ND"
"Wells County","18179","IN"
"Scott County","19163","IA"
"Henry County","19087","IA"
"St. Helena Parish","22091","LA"
"West Baton Rouge Parish","22121","LA"
"Miami County","18103","IN"
"Tuolumne County","06109","CA"
"Morgan County","18109","IN"
"Hillsborough County","12057","FL"
"Madison County","13195","GA"
"Monroe County","13207","GA"
"Hocking County","39073","OH"
"Peach County","13225","GA"
"Butler County","39017","OH"
"Wheeler County","13309","GA"
"Mineral County","30061","MT"
"East Carroll Parish","22035","LA"
"Denver County","08031","CO"
"Morehouse Parish","22067","LA"
"Caddo County","40015","OK"
"Boulder County","08013","CO"
"Westchester County","36119","NY"
"Covington County","01039","AL"
"Union County","13291","GA"
"Knox County","31107","NE"
"Grand Isle County","50013","VT"
"Thurston County","31173","NE"
"Waynesboro city","51820","VA"
"Belmont County","39013","OH"
"Tuscaloosa County","01125","AL"
"Lake of the Woods County","27077","MN"
"Burt County","31021","NE"
"Marshall County","20117","KS"
"Adams County","55001","WI"
"Norton County","20137","KS"
"Yellowstone County","30111","MT"
"Hidalgo County","48215","TX"
"Schley County","13249","GA"
"Searcy County","05129","AR"
"Richland County","55103","WI"
"Southampton County","51175","VA"
"Wilkinson County","28157","MS"
"Las Animas County","08071","CO"
"Pottawatomie County","40125","OK"
"Wilcox County","01131","AL"
"Winston County","28159","MS"
"Gilmer County","54021","WV"
"Cowlitz County","53015","WA"
"Cleburne County","01029","AL"
"Allen County","18003","IN"
"Page County","51139","VA"
"Athens County","39009","OH"
"Mason County","54053","WV"
"San Francisco County","06075","CA"
"Burke County","13033","GA"
"Terry County","48445","TX"
"Summit County","39153","OH"
"Keokuk County","19107","IA"
"Berkeley County","45015","SC"
"DeKalb County","47041","TN"
"Polk County","48373","TX"
"Woodford County","21239","KY"
"Logan County","39091","OH"
"Johnston County","40069","OK"
"Titus County","48449","TX"
"Shelby County","17173","IL"
"Nemaha County","20131","KS"
"Bolivar County","28011","MS"
"Claiborne County","28021","MS"
"Clay County","28025","MS"
"Roane County","47145","TN"
"Daviess County","21059","KY"
"Goodhue County","27049","MN"
"Northumberland County","51133","VA"
"Phillips County","20147","KS"
"Montgomery County","42091","PA"
"Wayne County","26163","MI"
"Collier County","12021","FL"
"Glynn County","13127","GA"
"Trumbull County","39155","OH"
"Koochiching County","27071","MN"
"Baraga County","26013","MI"
"York County","42133","PA"
"Garfield County","53023","WA"
"Lake County","06033","CA"
"Champaign County","17019","IL"
"Webster County","19187","IA"
"Grant County","21081","KY"
"Kern County","06029","CA"
"Rapides Parish","22079","LA"
"Stearns County","27145","MN"
"Saginaw County","26145","MI"
"Lee County","19111","IA"
"Rooks County","20163","KS"
"Philadelphia County","42101","PA"
"Ward County","38101","ND"
"Delaware County","18035","IN"
"Itasca County","27061","MN"
"Door County","55029","WI"
"Lee County","01081","AL"
"Henry County","13151","GA"
"Iron County","55051","WI"
"Baldwin County","13009","GA"
"Marshall County","40095","OK"
"Goochland County","51075","VA"
"Mountrail County","38061","ND"
"Clermont County","39025","OH"
"Angelina County","48005","TX"
"Knox County","23013","ME"
"Hamilton County","31081","NE"
"Fluvanna County","51065","VA"
"Todd County","46121","SD"
"Franklin County","16041","ID"
"Pasquotank County","37139","NC"
"Bossier Parish","22015","LA"
"Maricopa County","04013","AZ"
"Pemiscot County","29155","MO"
"Mason County","17125","IL"
"Calhoun County","13037","GA"
"Menard County","17129","IL"
"McCurtain County","40089","OK"
"Graham County","37075","NC"
"Bayfield County","55007","WI"
"Ashland County","55003","WI"
"Douglas County","55031","WI"
"Caldwell Parish","22021","LA"
"Chowan County","37041","NC"
"James City County","51095","VA"
"Gates County","37073","NC"
"La Crosse County","55063","WI"
"Trempealeau County","55121","WI"
"Yolo County","06113","CA"
"Putnam County","36079","NY"
"Forrest County","28035","MS"
"Madison County","28089","MS"
"York County","45091","SC"
"Camden County","37029","NC"
"St. James Parish","22093","LA"
"Terrebonne Parish","22109","LA"
"Cherokee County","37039","NC"
"La Plata County","08067","CO"
"Tuscarawas County","39157","OH"
"Hall County","13139","GA"
"Harris County","13145","GA"
"Carroll County","17015","IL"
"Floyd County","51063","VA"
"Upshur County","54097","WV"
"Marion County","28091","MS"
"Moore County","37125","NC"
"Indiana County","42063","PA"
"Wicomico County","24045","MD"
"Coal County","40029","OK"
"Montrose County","08085","CO"
"Todd County","21219","KY"
"Freeborn County","27047","MN"
"Buchanan County","51027","VA"
"Stone County","05137","AR"
"Decatur County","18031","IN"
"Larue County","21123","KY"
"Logan County","31113","NE"
"Ulster County","36111","NY"
"Sterling County","48431","TX"
"Elk County","42047","PA"
"Fremont County","19071","IA"
"Elmore County","16039","ID"
"Huntingdon County","42061","PA"
"Prince George County","51149","VA"
"Mississippi County","05093","AR"
"Leon County","12073","FL"
"Monroe County","54063","WV"
"Dare County","37055","NC"
"Cameron County","48061","TX"
"Jackson County","54035","WV"
"Blount County","01009","AL"
"Wright County","27171","MN"
"Pecos County","48371","TX"
"Warren County","34041","NJ"
"Hitchcock County","31087","NE"
"Clark County","39023","OH"
"Kings County","36047","NY"
"Holmes County","39075","OH"
"Morrison County","27097","MN"
"Somerset County","42111","PA"
"Chase County","31029","NE"
"Hood River County","41027","OR"
"Vermilion County","17183","IL"
"McCulloch County","48307","TX"
"Chippewa County","55017","WI"
"Jefferson County","20087","KS"
"Louisa County","19115","IA"
"Franklin Parish","22041","LA"
"Marion County","13197","GA"
"Ellis County","48139","TX"
"Kanawha County","54039","WV"
"Colbert County","01033","AL"
"Jackson County","12063","FL"
"Harrison County","18061","IN"
"Bourbon County","20011","KS"
"Prairie County","30079","MT"
"McDowell County","37111","NC"
"Warren County","47177","TN"
"Foard County","48155","TX"
"Jackson County","21109","KY"
"Chester County","45023","SC"
"Conejos County","08021","CO"
"Pierce County","38069","ND"
"Gaston County","37071","NC"
"Siskiyou County","06093","CA"
"Saline County","05125","AR"
"Webster County","21233","KY"
"Blue Earth County","27013","MN"
"Carter County","21043","KY"
"Chattahoochee County","13053","GA"
"Curry County","35009","NM"
"Mecklenburg County","37119","NC"
"Bernalillo County","35001","NM"
"Telfair County","13271","GA"
"St. Charles County","29183","MO"
"Wayne County","36117","NY"
"Issaquena County","28055","MS"
"Onslow County","37133","NC"
"Spartanburg County","45083","SC"
"Autauga County","01001","AL"
"Jefferson County","13163","GA"
"Somerset County","34035","NJ"
"Lawrence County","05075","AR"
"Beckham County","40009","OK"
"Eagle County","08037","CO"
"Smith County","47159","TN"
"Kent County","26081","MI"
"Trigg County","21221","KY"
"Traill County","38097","ND"
"Morgan County","01103","AL"
"Meriwether County","13199","GA"
"Washington County","21229","KY"
"Sampson County","37163","NC"
"Ellis County","40045","OK"
"Grayson County","51077","VA"
"Hempstead County","05057","AR"
"Howard County","18067","IN"
"Scott County","18143","IN"
"Passaic County","34031","NJ"
"Hidalgo County","35023","NM"
"Northampton County","51131","VA"
"Bond County","17005","IL"
"Washington County","28151","MS"
"St. Lawrence County","36089","NY"
"Lawrence County","39087","OH"
"Union County","12125","FL"
"Rush County","18139","IN"
"Carver County","27019","MN"
"Norman County","27107","MN"
"Graham County","04009","AZ"
"Perry County","42099","PA"
"Santa Rosa County","12113","FL"
"McCracken County","21145","KY"
"Yellow Medicine County","27173","MN"
"Union County","35059","NM"
"Franklin County","21073","KY"
"Douglas County","20045","KS"
"Hartford County","09003","CT"
"Wabash County","17185","IL"
"Henderson County","21101","KY"
"Pierce County","13229","GA"
"Burnett County","55013","WI"
"Sacramento County","06067","CA"
"Washington County","18175","IN"
"Penobscot County","23019","ME"
"Whiteside County","17195","IL"
"Huron County","26063","MI"
"Otoe County","31131","NE"
"Jasper County","45053","SC"
"Wood County","54107","WV"
"Madera County","06039","CA"
"Cumberland County","17035","IL"
"Woodson County","20207","KS"
"Prentiss County","28117","MS"
"Guadalupe County","35019","NM"
"Saunders County","31155","NE"
"Rusk County","48401","TX"
"Berks County","42011","PA"
"Johnson County","47091","TN"
"Atchison County","20005","KS"
"Rice County","20159","KS"
"White County","13311","GA"
"Clayton County","13063","GA"
"Morris County","34027","NJ"
"Northumberland County","42097","PA"
"Bowie County","48037","TX"
"Natrona County","56025","WY"
"Asotin County","53003","WA"
"Franklin County","53021","WA"
"Providence County","44007","RI"
"Gallatin County","17059","IL"
"Barnstable County","25001","MA"
"Abbeville County","45001","SC"
"Benton County","47005","TN"
"Custer County","46033","SD"
"Union County","46127","SD"
"Bailey County","48017","TX"
"Fall River County","46047","SD"
"Delaware County","42045","PA"
"Sanpete County","49039","UT"
"Braxton County","54007","WV"
"Jones County","19105","IA"
"Beaver County","40007","OK"
"Houston County","01069","AL"
"Palm Beach County","12099","FL"
"Volusia County","12127","FL"
"Harlan County","21095","KY"
"Pine County","27115","MN"
"Lake County","39085","OH"
"Bristol County","44001","RI"
"Pennington County","46103","SD"
"Sauk County","55111","WI"
"Dawson County","30021","MT"
"St. Johns County","12109","FL"
"Berrien County","13019","GA"
"Mellette County","46095","SD"
"Garfield County","49017","UT"
"Colfax County","35007","NM"
"DeKalb County","01049","AL"
"Casey County","21045","KY"
"Sherman County","20181","KS"
"Seminole County","13253","GA"
"Morgan County","39115","OH"
"Greenwood County","45047","SC"
"Orange County","51137","VA"
"Greene County","51079","VA"
"Jackson County","48239","TX"
"Modoc County","06049","CA"
"Lawrence County","17101","IL"
"Alger County","26003","MI"
"Scott County","47151","TN"
"Bates County","29013","MO"
"Wise County","51195","VA"
"Llano County","48299","TX"
"Perry County","29157","MO"
"Caswell County","37033","NC"
"Grand Forks County","38035","ND"
"Seneca County","36099","NY"
"Pasco County","12101","FL"
"Alexander County","17003","IL"
"Washington County","24043","MD"
"Jackson County","28059","MS"
"Scioto County","39145","OH"
"Yuma County","04027","AZ"
"Parmer County","48369","TX"
"Woodward County","40153","OK"
"Boundary County","16021","ID"
"Sangamon County","17167","IL"
"Johnson County","56019","WY"
"Le Flore County","40079","OK"
"Monroe County","05095","AR"
"Coffee County","13069","GA"
"Jessamine County","21113","KY"
"Copiah County","28029","MS"
"Schoharie County","36095","NY"
"Dauphin County","42043","PA"
"Sussex County","51183","VA"
"Stanton County","20187","KS"
"Harrisonburg city","51660","VA"
"Henrico County","51087","VA"
"Salem County","34033","NJ"
"Lucas County","19117","IA"
"Highland County","39071","OH"
"Campbell County","46021","SD"
"Clay County","13061","GA"
"Lac qui Parle County","27073","MN"
"Oconto County","55083","WI"
"Pike County","39131","OH"
"Buchanan County","29021","MO"
"Allegany County","24001","MD"
"Pleasants County","54073","WV"
"Tooele County","49045","UT"
"King William County","51101","VA"
"Jackson County","19097","IA"
"Carroll County","47017","TN"
"Alfalfa County","40003","OK"
"Contra Costa County","06013","CA"
"Washington County","31177","NE"
"Golden Valley County","30037","MT"
"St. Lucie County","12111","FL"
"Stokes County","37169","NC"
"Banks County","13011","GA"
"Bleckley County","13023","GA"
"Manatee County","12081","FL"
"Bear Lake County","16007","ID"
"Wakulla County","12129","FL"
"St. Bernard Parish","22087","LA"
"Red Willow County","31145","NE"
"McIntosh County","38051","ND"
"Calhoun County","48057","TX"
"Boyd County","31015","NE"
"Morton County","38059","ND"
"Howard County","24027","MD"
"Greenup County","21089","KY"
"Maury County","47119","TN"
"Fulton County","42057","PA"
"Eddy County","35015","NM"
"Oneida County","36065","NY"
"Venango County","42121","PA"
"Richmond County","36085","NY"
"Hardeman County","48197","TX"
"Glenn County","06021","CA"
"Atlantic County","34001","NJ"
"St. Mary Parish","22101","LA"
"Whitley County","21235","KY"
"Dunklin County","29069","MO"
"Jefferson County","39081","OH"
"Hudspeth County","48229","TX"
"Montcalm County","26117","MI"
"Willacy County","48489","TX"
"Mercer County","42085","PA"
"Lancaster County","51103","VA"
"Fayette County","21067","KY"
"St. Louis County","29189","MO"
"Union County","47173","TN"
"Harrison County","48203","TX"
"Warren County","36113","NY"
"Jefferson County","28063","MS"
"Warren County","51187","VA"
"Amherst County","51009","VA"
"Boone County","21015","KY"
"St. Clair County","26147","MI"
"Bath County","21011","KY"
"Lycoming County","42081","PA"
"Crockett County","47033","TN"
"Orleans Parish","22071","LA"
"Ashley County","05003","AR"
"Marshall County","54051","WV"
"Yavapai County","04025","AZ"
"Finney County","20055","KS"
"Warren County","29219","MO"
"Onondaga County","36067","NY"
"Grady County","40051","OK"
"McMinn County","47107","TN"
"Bryan County","40013","OK"
"Lincoln County","21137","KY"
"Guilford County","37081","NC"
"Laurens County","45059","SC"
"Juab County","49023","UT"
"Pike County","17149","IL"
"Newport County","44005","RI"
"Benton County","41003","OR"
"Dallas County","29059","MO"
"Clinton County","17027","IL"
"Polk County","13233","GA"
"Holt County","31089","NE"
"Hart County","13147","GA"
"Antrim County","26009","MI"
"Worth County","29227","MO"
"Chautauqua County","36013","NY"
"Danville city","51590","VA"
"Duval County","12031","FL"
"Jefferson County","40067","OK"
"Shoshone County","16079","ID"
"Allen County","21003","KY"
"Presque Isle County","26141","MI"
"Washoe County","32031","NV"
"Tom Green County","48451","TX"
"Ferry County","53019","WA"
"Spokane County","53063","WA"
"Nueces County","48355","TX"
"Luzerne County","42079","PA"
"Throckmorton County","48447","TX"
"Hardin County","17069","IL"
"Liberty County","13179","GA"
"Oglethorpe County","13221","GA"
"Floyd County","21071","KY"
"Lake County","12069","FL"
"Simpson County","21213","KY"
"Coahoma County","28027","MS"
"Elmore County","01051","AL"
"Sussex County","10005","DE"
"Laurel County","21125","KY"
"Lyon County","21143","KY"
"Stark County","39151","OH"
"Wharton County","48481","TX"
"Pike County","13231","GA"
"Zapata County","48505","TX"
"Malheur County","41045","OR"
"San Juan County","53055","WA"
"St. Clair County","01115","AL"
"Clark County","21049","KY"
"Lapeer County","26087","MI"
"Jefferson County","42065","PA"
"Haakon County","46055","SD"
"Atchison County","29005","MO"
"Sullivan County","36105","NY"
"Coos County","41011","OR"
"Sumter County","13261","GA"
"Marshall County","21157","KY"
"Mason County","26105","MI"
"Grant County","55043","WI"
"St. Clair County","17163","IL"
"Calloway County","21035","KY"
"Middlesex County","34023","NJ"
"Pacific County","53049","WA"
"White County","47185","TN"
"Twin Falls County","16083","ID"
"Woodbury County","19193","IA"
"West Feliciana Parish","22125","LA"
"Churchill County","32001","NV"
"Union County","37179","NC"
"Grenada County","28043","MS"
"Meigs County","47121","TN"
"Eureka County","32011","NV"
"Alpine County","06003","CA"
"Delta County","26041","MI"
"Buncombe County","37021","NC"
"Ripley County","29181","MO"
"Trinity County","48455","TX"
"Pulaski County","51155","VA"
"Sullivan County","18153","IN"
"Carter County","30011","MT"
"Young County","48503","TX"
"Douglas County","29067","MO"
"Lenoir County","37107","NC"
"Dickson County","47043","TN"
"Bedford County","51019","VA"
"Navajo County","04017","AZ"
"Clark County","17023","IL"
"Middlesex County","25017","MA"
"Monroe County","39111","OH"
"Jasper County","48241","TX"
"Taylor County","21217","KY"
"Whitley County","18183","IN"
"Sumter County","12119","FL"
"Smyth County","51173","VA"
"Halifax County","37083","NC"
"San Patricio County","48409","TX"
"Adams County","39001","OH"
"Walton County","13297","GA"
"Florence County","45041","SC"
"Clearwater County","27029","MN"
"Garrard County","21079","KY"
"Red River Parish","22081","LA"
"Sullivan County","33019","NH"
"Craven County","37049","NC"
"Divide County","38023","ND"
"Washington County","42125","PA"
"Shelby County","48419","TX"
"Summers County","54089","WV"
"Clay County","48077","TX"
"Grand County","08049","CO"
"Cherokee County","13057","GA"
"Sanilac County","26151","MI"
"Shelby County","01117","AL"
"Morrow County","39117","OH"
"Moffat County","08081","CO"
"Latah County","16057","ID"
"Sandusky County","39143","OH"
"Early County","13099","GA"
"Cotton County","40033","OK"
"Ouachita Parish","22073","LA"
"Winkler County","48495","TX"
"Saguache County","08109","CO"
"Hoonah-Angoon Census Area","02105","AK"
"Sitka City and Borough","02220","AK"
"Southeast Fairbanks Census Area","02240","AK"
"Kusilvak Census Area","02158","AK"
"Bethel Census Area","02050","AK"
"North Slope Borough","02185","AK"
"Prince of Wales-Hyder Census Area","02198","AK"
"Nome Census Area","02180","AK"
"Aleutians West Census Area","02016","AK"
"Bristol Bay Borough","02060","AK"
"Lake and Peninsula Borough","02164","AK"
"Skagway Municipality","02230","AK"
"Kenai Peninsula Borough","02122","AK"
"Northwest Arctic Borough","02188","AK"
"Valdez-Cordova Census Area","02261","AK"
"Yukon-Koyukuk Census Area","02290","AK"
"Petersburg Census Area","02195","AK"
"Wrangell City and Borough","02275","AK"
"Aleutians East Borough","02013","AK"
"Matanuska-Susitna Borough","02170","AK"
"Juneau City and Borough","02110","AK"
"Anchorage Municipality","02020","AK"
"Ketchikan Gateway Borough","02130","AK"
"Kodiak Island Borough","02150","AK"
"Yakutat City and Borough","02282","AK"
"Fairbanks North Star Borough","02090","AK"
"Denali Borough","02068","AK"
"Haines Borough","02100","AK"
"Dillingham Census Area","02070","AK"
"Kalawao County","15005","HI"
"Honolulu County","15003","HI"
"Hawaii County","15001","HI"
"Kauai County","15007","HI"
"Maui County","15009","HI"
