,ClimateZone,Case,PUE_quantiles,WUE_quantiles,CoolingSystem
0,1A,0,"[1.21743505, 1.2749850500000002, 1.3099748500000001, 1.346111025, 1.380756845]","[0.016970590874552702, 0.02273398172110315, 0.029805812053382348, 0.038653133437037426, 0.046857336722314326]",Airside economizer& adiabatic cooling (air-cooled chiller)
1,1A,1,"[1.1590572350000001, 1.186878075, 1.2315675499999998, 1.257410525, 1.29374281]","[0.8700836449861526, 1.2842563688755035, 1.6873466968536377, 1.993319422006607, 2.1646822333335884]",Airside economizer& adiabatic cooling (water-cooled chiller)
2,1A,10,"[2.01128023, 2.084239825, 2.1617637, 2.328308275, 2.527231455]","[0.02614357220008967, 0.0434401081874966, 0.063178651034832, 0.08673457056283947, 0.10262354947626581]",Direct expansion system
3,1A,11,"[1.74963869, 1.8655450249999999, 1.97907885, 2.149220925, 2.29889414]","[0.024532783403992606, 0.0411724736914038, 0.0625274181365966, 0.08075731061398977, 0.09716494269669053]",Direct expansion system
4,1A,12,"[1.91040736, 2.00342705, 2.08096365, 2.295642575, 2.482160625]","[0.02254082178696984, 0.03520071413367985, 0.055250134319066946, 0.0780818667262792, 0.09255159385502333]",Airside economizer (direct expansion system)
5,1A,13,"[1.657000665, 1.698755175, 1.80896065, 1.950831525, 2.1340277149999998]","[0.018651631660759393, 0.02802188042551275, 0.03952787630259985, 0.05073778145015235, 0.07146274037659162]",Airside economizer (direct expansion system)
6,1A,17,"[1.760783045, 1.8318151500000002, 1.91721355, 2.08047405, 2.36748638]","[0.024985222052782686, 0.0400158194825053, 0.05877336673438545, 0.08181362412869927, 0.09737392775714394]",Dry cooler (air-cooled chiller)
7,1A,3,"[1.41210672, 1.5128316000000002, 1.581041, 1.6366619, 1.692908825]","[1.747866940498352, 1.9573667943477626, 2.1281570196151733, 2.298054873943329, 2.498159408569336]",Airside economizer& (water-cooled chiller)
8,1A,4,"[1.33966125, 1.38148775, 1.4348944000000001, 1.4883707, 1.528656975]","[2.1259382128715516, 2.2883257865905766, 2.5381311178207397, 2.693756878376007, 2.9133589625358582]",Waterside economizer& (water-cooled chiller)
9,1A,5,"[1.541709245, 1.6086397, 1.6345025, 1.685207975, 1.74285388]","[2.789995753765106, 2.966113269329071, 3.1690714359283447, 3.354606568813324, 3.801739811897278]",Water-cooled chiller
10,1A,6,"[1.63326645, 1.74126785, 1.8193096500000001, 1.972094175, 2.1646460949999997]","[0.015136943943798475, 0.024823723826557325, 0.0461934674531221, 0.0551536483690142, 0.06720314249396321]",Airside economizer& (air-cooled chiller)
11,1A,7,"[1.76780796, 1.870315525, 1.9499724999999999, 2.131848175, 2.5162617299999996]","[0.02506747059524055, 0.0400603245943784, 0.0607583839446306, 0.08121067658066745, 0.09555380828678604]",Air-cooled chiller
12,1A,8,"[1.73905053, 1.787685975, 1.8695384499999999, 1.9591205250000001, 2.09111579]","[3.111093759536743, 3.417164385318756, 3.632517457008362, 3.8554412126541133, 4.053374814987182]",Water-cooled chiller
13,1A,9,"[1.941984375, 2.03951255, 2.18593025, 2.359731625, 2.7063624899999996]","[0.025789470318704825, 0.042517639696598025, 0.0634277053177356, 0.08391376025974742, 0.10148778632283202]",Air-cooled chiller
14,2A,0,"[1.169124225, 1.220423075, 1.2640002, 1.3013659, 1.358022565]","[0.011104421457275686, 0.018586525693535725, 0.0245521897450089, 0.03187266085296868, 0.04290120340883725]",Airside economizer& adiabatic cooling (air-cooled chiller)
15,2A,1,"[1.1196278100000001, 1.161921275, 1.2016909999999998, 1.2334642, 1.270772235]","[0.6044616848230362, 0.9972760081291199, 1.2798718810081482, 1.545024424791336, 1.9134785413742066]",Airside economizer& adiabatic cooling (water-cooled chiller)
16,2A,10,"[1.93563345, 2.029169975, 2.12508105, 2.2884547250000002, 2.448698575]","[0.025166173465549932, 0.04202817752957343, 0.06366083025932309, 0.08571897819638251, 0.10368503332138053]",Direct expansion system
17,2A,11,"[1.7053746, 1.8212850500000002, 1.9223184500000001, 2.080494175, 2.27834251]","[0.02365581719204777, 0.03946926910430192, 0.06005456671118735, 0.08046294935047624, 0.09822026528418058]",Direct expansion system
18,2A,12,"[1.771767215, 1.880973575, 1.9744286500000001, 2.08924635, 2.263831405]","[0.019557112734764782, 0.02998751960694785, 0.04693131707608695, 0.0638083536177873, 0.08144548721611494]",Airside economizer (direct expansion system)
19,2A,13,"[1.5327187899999999, 1.626492625, 1.7019549, 1.794996075, 1.965375235]","[0.015248701535165306, 0.023957844823598824, 0.03248089365661135, 0.04432864766567943, 0.06418616399168964]",Airside economizer (direct expansion system)
20,2A,17,"[1.59577024, 1.695231425, 1.7834557, 1.8900887000000002, 2.1086246849999997]","[0.023630521353334124, 0.039866602979600374, 0.0603146832436323, 0.0806223228573799, 0.0973689243197441]",Dry cooler (air-cooled chiller)
21,2A,3,"[1.387582675, 1.4627843, 1.5317629, 1.5917780750000001, 1.6576660099999998]","[1.3645499229431153, 1.6505953073501587, 1.871633529663086, 2.1027732491493225, 2.4333146452903747]",Airside economizer& (water-cooled chiller)
22,2A,4,"[1.3005684549999998, 1.3548249499999998, 1.40819515, 1.46178015, 1.523285155]","[2.1389532923698424, 2.332837164402008, 2.507748603820801, 2.6811813116073604, 2.928754103183746]",Waterside economizer& (water-cooled chiller)
23,2A,5,"[1.478111575, 1.5397020750000001, 1.5971895, 1.652265975, 1.71806184]","[2.654509353637695, 2.866165041923523, 3.066099166870117, 3.293547570705414, 3.570812726020813]",Water-cooled chiller
24,2A,6,"[1.566974135, 1.6581245249999998, 1.7365854, 1.836398125, 2.0260549699999997]","[0.013378691161051327, 0.022514136508107123, 0.03637901693582535, 0.0475922496989369, 0.06436899527907362]",Airside economizer& (air-cooled chiller)
25,2A,7,"[1.709962915, 1.8206164249999999, 1.92987865, 2.100005125, 2.38446905]","[0.0234271335415542, 0.039651834405958576, 0.06029100902378555, 0.08096670173108572, 0.09822088107466692]",Air-cooled chiller
26,2A,8,"[1.659330095, 1.738429875, 1.80643955, 1.881588575, 1.98835429]","[2.963453328609467, 3.2366328835487366, 3.4665828943252563, 3.702531218528747, 4.068026232719421]",Water-cooled chiller
27,2A,9,"[1.903864195, 1.99785885, 2.0967955, 2.291760075, 2.64023338]","[0.025176845677196927, 0.04213489964604372, 0.06387912854552265, 0.08586370199918743, 0.10338897071778771]",Air-cooled chiller
28,2B,0,"[1.163019325, 1.204221075, 1.24455865, 1.28040595, 1.3304795600000001]","[0.01065149116329844, 0.02024632552638645, 0.02739177178591485, 0.03480134997516868, 0.05712515898048873]",Airside economizer& adiabatic cooling (air-cooled chiller)
29,2B,1,"[1.10802603, 1.1383371280509949, 1.1673592802001953, 1.200260541381836, 1.239822515]","[0.47754720151424407, 0.6608387529850006, 0.8206391334533691, 1.0431315898895264, 1.4906367540359498]",Airside economizer& adiabatic cooling (water-cooled chiller)
30,2B,10,"[1.974907075, 2.0776824, 2.175233613269043, 2.3571114, 2.5234904740200808]","[0.02471997439861294, 0.0422342801466584, 0.06381463631987565, 0.08605422265827654, 0.10356232449412342]",Direct expansion system
31,2B,11,"[1.7573846549999999, 1.8591437, 1.97586145, 2.1306242500000003, 2.3557691176353455]","[0.02374379346147175, 0.03970893006771803, 0.06030141748487945, 0.08074711449444287, 0.09887241236865513]",Direct expansion system
32,2B,12,"[1.8107722478009032, 1.927429525, 2.01605655, 2.15704075, 2.3565317978614804]","[0.01971215875819322, 0.029814578592777224, 0.047706633806228596, 0.06447867117822165, 0.08348974883556357]",Airside economizer (direct expansion system)
33,2B,13,"[1.533595385, 1.6243987, 1.7018643500000001, 1.804235925, 1.95776779]","[0.013415729394182506, 0.020754934288561275, 0.0297632766887545, 0.04045063070952885, 0.05554119739681477]",Airside economizer (direct expansion system)
34,2B,17,"[1.65193071, 1.75309695, 1.846794765848541, 1.97912605, 2.2992480638539123]","[0.023795277159661024, 0.03992665559053413, 0.060555789619684205, 0.08083788864314555, 0.09826118536293502]",Dry cooler (air-cooled chiller)
35,2B,3,"[1.38064528, 1.4378330750000001, 1.496351100037384, 1.550723625, 1.6234585849999998]","[1.169476705789566, 1.407064527273178, 1.5899713635444641, 1.7862826585769653, 2.077812278270721]",Airside economizer& (water-cooled chiller)
36,2B,4,"[1.2877330337252044, 1.34033245, 1.3922417, 1.44216335, 1.505601285]","[2.145646846294403, 2.3276307582855225, 2.503997325897217, 2.6692334413528442, 2.926913690567017]",Waterside economizer& (water-cooled chiller)
37,2B,5,"[1.454253553993225, 1.516932475, 1.5733917499999999, 1.6333284, 1.702301715]","[2.600032889842987, 2.8189204335212708, 2.9981369972229004, 3.206398665904999, 3.496235430240631]",Water-cooled chiller
38,2B,6,"[1.593139595, 1.68982445, 1.76818865, 1.893360425, 2.18920742]","[0.012605682248249596, 0.021279648877680225, 0.03206342272460455, 0.044118877500295625, 0.06015494335442775]",Airside economizer& (air-cooled chiller)
39,2B,7,"[1.762568325, 1.87705035, 1.9822273254394531, 2.1855941750000003, 2.5780423399999997]","[0.023517556302249366, 0.040059104561805677, 0.060168731957674, 0.08075029961764807, 0.09781915023922917]",Air-cooled chiller
40,2B,8,"[1.629039825, 1.710550725, 1.77175185, 1.835249525, 1.930823095]","[2.8946977734565738, 3.1461872458457947, 3.3615916967391968, 3.599908411502838, 3.9390380382537837]",Water-cooled chiller
41,2B,9,"[1.95105767, 2.0570586250000003, 2.17464555, 2.404009125, 2.8457288899999997]","[0.024990378320217055, 0.0421177074313163, 0.06374950706958771, 0.08560958132147785, 0.10359495803713796]",Air-cooled chiller
42,3A,0,"[1.138719825, 1.182568775, 1.22090575, 1.2518290749999998, 1.2944029300000002]","[0.007998922700062345, 0.0143876574002206, 0.019464807584881748, 0.024970344733446774, 0.03357925061136479]",Airside economizer& adiabatic cooling (air-cooled chiller)
43,3A,1,"[1.100557905, 1.136074875, 1.1713044, 1.20214685, 1.23629962]","[0.4160301774740219, 0.6653318405151367, 0.8636100590229034, 1.0753232538700104, 1.3786010801792146]",Airside economizer& adiabatic cooling (water-cooled chiller)
44,3A,10,"[1.910280995, 2.0039464, 2.0959985, 2.250087725, 2.3971591]","[0.025018341466784423, 0.04221671260893343, 0.06357872113585464, 0.08590601570904252, 0.10364268012344834]",Direct expansion system
45,3A,11,"[1.683777445, 1.794690275, 1.8908200499999999, 2.0459202249999997, 2.2364981250000002]","[0.023822147026658025, 0.039629122242331505, 0.0600906200706958, 0.08053111657500266, 0.09822640679776663]",Direct expansion system
46,3A,12,"[1.71772132, 1.827601375, 1.9077882000000002, 2.0075364, 2.17098768]","[0.01801777780055993, 0.0282174213789403, 0.043192105367779704, 0.05710786674171677, 0.07651219405233857]",Airside economizer (direct expansion system)
47,3A,13,"[1.472166495, 1.552658725, 1.62129315, 1.7014724499999998, 1.8378299900000001]","[0.01304270885884758, 0.0196209521964192, 0.02651850972324605, 0.036161039955914, 0.05440099276602262]",Airside economizer (direct expansion system)
48,3A,17,"[1.53005165, 1.61612715, 1.6957395, 1.7830103, 1.94872382]","[0.023602812923490944, 0.03985582757741207, 0.0600503329187631, 0.08045366406440728, 0.09794676527380941]",Dry cooler (air-cooled chiller)
49,3A,3,"[1.3583781400000001, 1.424380625, 1.48600185, 1.546053675, 1.607624645]","[1.073277860879898, 1.322974532842636, 1.502238154411316, 1.7068393230438235, 2.0099032044410707]",Airside economizer& (water-cooled chiller)
50,3A,4,"[1.2854567000000001, 1.338470775, 1.39149705, 1.44450025, 1.507458085]","[2.1293803572654726, 2.324978768825531, 2.499285340309143, 2.66996031999588, 2.913070857524872]",Waterside economizer& (water-cooled chiller)
51,3A,5,"[1.444550985, 1.506041225, 1.5607685999999998, 1.616864675, 1.68133068]","[2.5816522002220155, 2.790801584720612, 2.9839481115341187, 3.177831053733826, 3.4668755888938905]",Water-cooled chiller
52,3A,6,"[1.4988462599999999, 1.5837843, 1.6574882999999998, 1.74106105, 1.89633377]","[0.010468120919540476, 0.0186499543488025, 0.029148013330996002, 0.039885186590254224, 0.05720986183732743]",Airside economizer& (air-cooled chiller)
53,3A,7,"[1.67399304, 1.7846226, 1.88592475, 2.039255325, 2.30680786]","[0.02371292533352968, 0.039651752449572, 0.06015198491513725, 0.08111858554184433, 0.09763757660984985]",Air-cooled chiller
54,3A,8,"[1.62630045, 1.693812975, 1.7542339500000002, 1.818530325, 1.91676811]","[2.8649193406105042, 3.1186431646347046, 3.3452064990997314, 3.5562647581100464, 3.8947224378585816]",Water-cooled chiller
55,3A,9,"[1.863782185, 1.95426775, 2.0495402499999997, 2.23065765, 2.54662894]","[0.025068681035190804, 0.04226661287248128, 0.06358128041028975, 0.08596222288906573, 0.10343995876610272]",Air-cooled chiller
56,3B,0,"[1.1081035315990448, 1.1500187814235687, 1.1825859423095704, 1.214927762746811, 1.2676729440689087]","[0.004651460493914751, 0.011711905244737801, 0.0188525756821036, 0.029345626011490752, 0.04756721742451187]",Airside economizer& adiabatic cooling (air-cooled chiller)
57,3B,1,"[1.0795738642642212, 1.1110691702671052, 1.1397098898887634, 1.1713766157627106, 1.206323515]","[0.13630445823073384, 0.300168976187706, 0.43701380491256714, 0.6240546256303787, 0.9522576838731764]",Airside economizer& adiabatic cooling (water-cooled chiller)
58,3B,10,"[1.9053830730195618, 2.00224632024765, 2.1031031608581543, 2.249241352081299, 2.425701344013214]","[0.025120828393846672, 0.0421088673174381, 0.06376688927412025, 0.0855652745813131, 0.10353310965001579]",Direct expansion system
59,3B,11,"[1.6789755629348755, 1.7986647170158387, 1.905261754989624, 2.0457063337677, 2.2546725299999997]","[0.023723759409040146, 0.03978809807449575, 0.059979161247611004, 0.08092647418379775, 0.09780675731599324]",Direct expansion system
60,3B,12,"[1.6111346125602721, 1.7389264899814607, 1.8512749, 1.9808766000000002, 2.2147814699999997]","[0.014876512624323315, 0.024471844546496827, 0.03510447777807705, 0.049691211432218524, 0.0752145897597074]",Airside economizer (direct expansion system)
61,3B,13,"[1.387111995, 1.4841327, 1.55996575, 1.653287325, 1.8203754149999998]","[0.00919345794245593, 0.014898188179358826, 0.02130199037492275, 0.0308800269849598, 0.04866175036877391]",Airside economizer (direct expansion system)
62,3B,17,"[1.475581431388855, 1.583159225, 1.6701898431594846, 1.7792564155532837, 1.979083920363922]","[0.023665450047701538, 0.03985317330807445, 0.0603826735168695, 0.0803929958492517, 0.09768909066915511]",Dry cooler (air-cooled chiller)
63,3B,3,"[1.335115498304367, 1.397335261106491, 1.4531823828338624, 1.5080873145397187, 1.574147915840149]","[0.561001655459404, 0.8962910026311874, 1.1771535277366638, 1.4540625512599945, 1.8419224977493283]",Airside economizer& (water-cooled chiller)
64,3B,4,"[1.2679074124689484, 1.3200992120624542, 1.370821041989136, 1.4224693179130554, 1.4837010289328765]","[2.1316728949546815, 2.322659194469452, 2.5025800466537476, 2.668275237083435, 2.916122603416442]",Waterside economizer& (water-cooled chiller)
65,3B,5,"[1.4302070070831299, 1.4900032172603608, 1.542977052116394, 1.6000614166259766, 1.6671439662599945]","[2.5446626424789427, 2.7445207238197327, 2.9417483806610107, 3.1301551461219788, 3.4097385168075562]",Water-cooled chiller
66,3B,6,"[1.428150475025177, 1.5277607440948486, 1.6179709999999998, 1.7199043853240967, 1.9421715515831752]","[0.00678793406113977, 0.014248942490667051, 0.022301146760582848, 0.03351951390504835, 0.05295714586973184]",Airside economizer& (air-cooled chiller)
67,3B,7,"[1.6869595050811768, 1.7957914471626282, 1.9056105613708496, 2.0727007, 2.369191881950531]","[0.023862479999661394, 0.03991228062659495, 0.06003568507730955, 0.08055917173624033, 0.09779341332614416]",Air-cooled chiller
68,3B,8,"[1.6022275745868684, 1.6713113166545868, 1.731145568660736, 1.7906560381153107, 1.8811378955841063]","[2.812237191200257, 3.072727680206299, 3.2718119621276855, 3.4807172417640686, 3.796698236465454]",Water-cooled chiller
69,3B,9,"[1.8707569420337677, 1.9742982089519499, 2.0733801, 2.2734599831352234, 2.618434906005859]","[0.025079219695180607, 0.04225922655314203, 0.0637559406459331, 0.08614549785852432, 0.10342667102813717]",Air-cooled chiller
70,3C,0,"[1.0857070207595825, 1.1223876476287842, 1.153599739074707, 1.1830080151557922, 1.230678141117096]","[3.721414959727554e-05, 0.005864125443622425, 0.00931656919419765, 0.014126028167083825, 0.03904676511883734]",Airside economizer& adiabatic cooling (air-cooled chiller)
71,3C,1,"[1.0719543874263764, 1.100255161523819, 1.1302757859230042, 1.1590030193328857, 1.1899280846118927]","[0.02144565656781196, 0.11976324580609793, 0.20830465853214264, 0.3688165619969368, 0.6702635675668716]",Airside economizer& adiabatic cooling (water-cooled chiller)
72,3C,10,"[1.8566418290138245, 1.9523650109767914, 2.0425736904144287, 2.1858683228492737, 2.329392123222351]","[0.02514090789481991, 0.042063647881150176, 0.0633214600384235, 0.08565690182149405, 0.1043031349778175]",Direct expansion system
73,3C,11,"[1.6369619190692901, 1.7554156184196472, 1.8435601592063902, 1.9750606715679173, 2.1488594889640806]","[0.023703641258180082, 0.03937155380845062, 0.06006031110882755, 0.08096795715391635, 0.0980732396245002]",Direct expansion system
74,3C,12,"[1.4934283435344695, 1.5762137472629547, 1.6603179574012756, 1.7378102242946625, 1.8798969626426696]","[0.010034959390759416, 0.017137515824288074, 0.0231229923665523, 0.03129651490598915, 0.049357430450618245]",Airside economizer (direct expansion system)
75,3C,13,"[1.3188990250000001, 1.399879325, 1.46378735, 1.531133475, 1.627158865]","[0.00631919691804795, 0.011023470200598224, 0.0152021283283829, 0.021782186347991176, 0.0365752808749675]",Airside economizer (direct expansion system)
76,3C,17,"[1.3671480774879456, 1.449523001909256, 1.5143795609474182, 1.586021661758423, 1.6890042960643767]","[0.0240063443779945, 0.039599710144102546, 0.0603818148374557, 0.08071849122643465, 0.09774784892797464]",Dry cooler (air-cooled chiller)
77,3C,3,"[1.3134787440299986, 1.3691613972187042, 1.4225477576255798, 1.4788492321968079, 1.5417924642562866]","[0.3361722886562348, 0.5282588750123978, 0.7801564931869507, 1.0691532492637636, 1.4470562160015106]",Airside economizer& (water-cooled chiller)
78,3C,4,"[1.2564221143722534, 1.3102108240127563, 1.3671674728393555, 1.4165049195289612, 1.4792816519737244]","[2.138223350048065, 2.3275157809257507, 2.4895105361938477, 2.6758540868759155, 2.916371142864228]",Waterside economizer& (water-cooled chiller)
79,3C,5,"[1.4134586930274964, 1.4703641831874847, 1.5284238457679749, 1.5971957743167877, 1.6620046138763427]","[2.4957656502723693, 2.7171096801757812, 2.900517463684082, 3.095530867576599, 3.3910747170448303]",Water-cooled chiller
80,3C,6,"[1.3522585153579711, 1.4364931285381317, 1.5088127255439758, 1.5796437561511993, 1.705322766304016]","[0.004135671583935576, 0.00957360723987215, 0.0147279589436948, 0.0230450443923473, 0.04341392088681452]",Airside economizer& (air-cooled chiller)
81,3C,7,"[1.6384692251682282, 1.7486977875232697, 1.8519209027290344, 1.9899028539657593, 2.25508531332016]","[0.023788104485720354, 0.03963660355657338, 0.0595275983214378, 0.08067504130303856, 0.09816830307245254]",Air-cooled chiller
82,3C,8,"[1.5973779797554015, 1.6609259843826294, 1.71444171667099, 1.7780713140964508, 1.8732950150966645]","[2.788312196731568, 3.0422962307929993, 3.2462955713272095, 3.4549256563186646, 3.8419475078582765]",Water-cooled chiller
83,3C,9,"[1.8247603952884675, 1.9166010916233058, 2.0046095848083496, 2.182401716709137, 2.471168279647827]","[0.025295608118176424, 0.04189033899456257, 0.0634297095239162, 0.08556082844734188, 0.1035154812037944]",Air-cooled chiller
84,4A,0,"[1.11455479, 1.154161575, 1.1887968, 1.2170029, 1.254734045]","[0.0064666661433874905, 0.012441196013242, 0.0166185228154063, 0.02121446933597325, 0.029120033793151277]",Airside economizer& adiabatic cooling (air-cooled chiller)
85,4A,1,"[1.08732857, 1.1196893749999999, 1.1528106999999999, 1.183115575, 1.21577742]","[0.25039177834987636, 0.45061396062374115, 0.6046359539031982, 0.7724570631980896, 1.0344201207160946]",Airside economizer& adiabatic cooling (water-cooled chiller)
86,4A,10,"[1.8833415850000002, 1.970221825, 2.06096695, 2.20529215, 2.3526211999999997]","[0.02506888415664426, 0.04198031965643162, 0.0636461898684501, 0.08587878569960591, 0.10370904579758641]",Direct expansion system
87,4A,11,"[1.65701629, 1.7692934, 1.8632012, 2.0032068499999998, 2.1886945799999995]","[0.02370057348161927, 0.039694448001682675, 0.0603191722184419, 0.08064484596252436, 0.09785755239427088]",Direct expansion system
88,4A,12,"[1.678066215, 1.7785811999999999, 1.8530069, 1.9429547, 2.097475035]","[0.01747299171984192, 0.02723412821069355, 0.04116523452103135, 0.05392506439238785, 0.07190351299941532]",Airside economizer (direct expansion system)
89,4A,13,"[1.41575748, 1.500798475, 1.56840885, 1.6442103000000001, 1.7609974849999996]","[0.01178012671880418, 0.0175817417912185, 0.0236045811325311, 0.03259645309299222, 0.04879703689366568]",Airside economizer (direct expansion system)
90,4A,17,"[1.46742942, 1.54587345, 1.61593705, 1.69165105, 1.8231194949999996]","[0.023602303676307113, 0.039770845323801, 0.0601767525076866, 0.08071989938616746, 0.09789533354341977]",Dry cooler (air-cooled chiller)
91,4A,3,"[1.3378215400000002, 1.398876925, 1.4587818000000001, 1.51877185, 1.579413805]","[0.9236043810844422, 1.1514578759670258, 1.3204562664031982, 1.5133049190044403, 1.8163956463336948]",Airside economizer& (water-cooled chiller)
92,4A,4,"[1.271003815, 1.325973675, 1.37751075, 1.4335095500000001, 1.4999244649999999]","[2.1288636088371278, 2.3189767599105835, 2.49974012374878, 2.6710676550865173, 2.91197189092636]",Waterside economizer& (water-cooled chiller)
93,4A,5,"[1.42166143, 1.47979535, 1.53394055, 1.5905963749999998, 1.654770265]","[2.530104100704193, 2.725583493709564, 2.922244071960449, 3.1091018319129944, 3.39246586561203]",Water-cooled chiller
94,4A,6,"[1.445719505, 1.5259417, 1.5933681000000002, 1.67230335, 1.8153300249999997]","[0.00906397122889754, 0.01665132772177455, 0.0254951901733875, 0.03607968520373105, 0.053949362784624054]",Airside economizer& (air-cooled chiller)
95,4A,7,"[1.6415503450000002, 1.7430752, 1.8438975, 1.9787503750000002, 2.2180799449999995]","[0.023545673768967375, 0.0396795999258756, 0.0598965864628553, 0.08073222823441023, 0.09808587431907644]",Air-cooled chiller
96,4A,8,"[1.59614214, 1.6638777249999999, 1.71731445, 1.777018025, 1.8675741349999997]","[2.7860429167747496, 3.0415828824043274, 3.256800055503845, 3.4669880270957947, 3.7900445342063906]",Water-cooled chiller
97,4A,9,"[1.8212954, 1.912495325, 1.99776415, 2.1588830750000003, 2.43845378]","[0.02515005962923165, 0.042078664526343276, 0.0634990185499191, 0.08584224991500372, 0.10342914350330826]",Air-cooled chiller
98,4B,0,"[1.099508675, 1.1300367249999999, 1.156815, 1.1824846276943206, 1.22682673]","[0.00928279650397593, 0.0177028947509825, 0.02397898770868775, 0.03280901536345475, 0.04600040856748817]",Airside economizer& adiabatic cooling (air-cooled chiller)
99,4B,1,"[1.06911274, 1.095660125, 1.12389705, 1.1577372008228304, 1.1939572150000002]","[0.004681581119075397, 0.14068564400076863, 0.25062230229377747, 0.3623724430799484, 0.6093856066465377]",Airside economizer& adiabatic cooling (water-cooled chiller)
100,4B,10,"[1.88500441, 1.9795737, 2.0629618, 2.200161375, 2.3483285599999997]","[0.02531096320599313, 0.04201028030365705, 0.0636557266116142, 0.08590699732303615, 0.10419254451990126]",Direct expansion system
101,4B,11,"[1.6543261900000001, 1.7709044, 1.870941328633118, 2.02782175, 2.2030338452041627]","[0.023757507465779735, 0.0398792093619704, 0.06114664487540715, 0.08079057000577447, 0.0982301522046327]",Direct expansion system
102,4B,12,"[1.75467018, 1.8398437749999998, 1.9127388, 1.9940997958183289, 2.2245299899999997]","[0.02047390965744851, 0.030488752759993024, 0.0451330449432134, 0.05655044689774508, 0.07451309375464912]",Airside economizer (direct expansion system)
103,4B,13,"[1.3911198550000001, 1.485262675, 1.56138555, 1.6411878, 1.7752908649999999]","[0.012822583131492135, 0.017659615259617525, 0.0241434350609779, 0.033962191082537146, 0.048847562633454696]",Airside economizer (direct expansion system)
104,4B,17,"[1.4540789822402191, 1.53626515, 1.61143735, 1.690464, 1.8082446849999998]","[0.023382427357137147, 0.040178765542805125, 0.0604138690978288, 0.08075847849249833, 0.09812177270650856]",Dry cooler (air-cooled chiller)
105,4B,3,"[1.32490371, 1.377972825, 1.434922614945221, 1.493829375, 1.563791205]","[0.8318851798772812, 1.0578506290912628, 1.2416608333587646, 1.4706077575683594, 1.7725796401500702]",Airside economizer& (water-cooled chiller)
106,4B,4,"[1.2536942500000001, 1.31423075, 1.3671241325851442, 1.420827, 1.479997155]","[2.1170185685157774, 2.3174708485603333, 2.486949324607849, 2.643046200275421, 2.9072735786437987]",Waterside economizer& (water-cooled chiller)
107,4B,5,"[1.3937025650000001, 1.4617517755157472, 1.5115153764320373, 1.5643676219902038, 1.62868667]","[2.4776464343070983, 2.665183365345001, 2.858951210975647, 3.0712881088256836, 3.3244137048721316]",Water-cooled chiller
108,4B,6,"[1.4115015422064208, 1.5147473, 1.5879173999999998, 1.6751739702190398, 1.8451701149723816]","[0.006104503013193566, 0.01407212484627955, 0.0225720219314098, 0.03305282723158595, 0.04978025127202268]",Airside economizer& (air-cooled chiller)
109,4B,7,"[1.64180408, 1.745525425, 1.846265397167206, 1.985702625, 2.19817043]","[0.02358236201107501, 0.04017347097396845, 0.060262076556682545, 0.08071291260421275, 0.09821659326553342]",Air-cooled chiller
110,4B,8,"[1.577703235, 1.633580125, 1.6837076, 1.73764565, 1.8138673349999999]","[2.7309851527214044, 2.940793216228485, 3.1553125381469727, 3.3649545311927795, 3.693593084812164]",Water-cooled chiller
111,4B,9,"[1.8201903719654082, 1.9176108105976104, 2.0101546, 2.1657336249999997, 2.437361985]","[0.024853875301778287, 0.042281441390514325, 0.06350353732705115, 0.08574057742953295, 0.1036738187074661]",Air-cooled chiller
112,4C,0,"[1.0808079085145568, 1.1140601810668946, 1.13857595, 1.16319625, 1.19739239]","[0.0, 0.004275497049093175, 0.00752969435416155, 0.01134586031548675, 0.01850514588877554]",Airside economizer& adiabatic cooling (air-cooled chiller)
113,4C,1,"[1.06997352, 1.097525425, 1.1232231000000001, 1.1523558707927704, 1.181916845]","[0.0, 0.06733274832367894, 0.12847588956356043, 0.22049682959914205, 0.4763540670275688]",Airside economizer& adiabatic cooling (water-cooled chiller)
114,4C,10,"[1.85157208, 1.9407641249999998, 2.0324541, 2.162954213243866, 2.30673905]","[0.02523014172911641, 0.04194358177483078, 0.0635753199458122, 0.08536465093493455, 0.10434529222548004]",Direct expansion system
115,4C,11,"[1.637251145, 1.746908575, 1.83295065, 1.964971025, 2.13341715]","[0.023967064358293978, 0.0397539529949426, 0.0600959155708551, 0.08075139485299584, 0.09765939787030213]",Direct expansion system
116,4C,12,"[1.45807735, 1.5576203, 1.6357722, 1.7152983687980652, 1.8557529799999999]","[0.008002920122817125, 0.01598895527422425, 0.022619639523327302, 0.029844117350876297, 0.04504787996411316]",Airside economizer (direct expansion system)
117,4C,13,"[1.282439835, 1.3563779249999999, 1.41898265, 1.477742775, 1.5751008999999998]","[0.00385213630506764, 0.00770642084535205, 0.011190038640052049, 0.017065811902284574, 0.031234321463853024]",Airside economizer (direct expansion system)
118,4C,17,"[1.34627451, 1.409934025, 1.4741167000000002, 1.545808625, 1.63900864]","[0.02362587628886095, 0.039852576330304104, 0.05983261764049525, 0.08065921068191527, 0.09792367257177821]",Dry cooler (air-cooled chiller)
119,4C,3,"[1.3000899, 1.35496435, 1.40880175, 1.463187675, 1.5237667699708557]","[0.17184420228004454, 0.3503152802586555, 0.5260529816150665, 0.7768373936414719, 1.188841515779495]",Airside economizer& (water-cooled chiller)
120,4C,4,"[1.259092345, 1.3103148, 1.361217848574066, 1.4191933081089019, 1.483251365]","[2.131632590293884, 2.318711042404175, 2.486250400543213, 2.666422128677368, 2.9067545771598815]",Waterside economizer& (water-cooled chiller)
121,4C,5,"[1.397977695, 1.44614325, 1.5065399, 1.5677772150981903, 1.634708615]","[2.470730948448181, 2.669114053249359, 2.856393575668335, 3.026670157909393, 3.3199655532836916]",Water-cooled chiller
122,4C,6,"[1.335128215, 1.4088952000000001, 1.4677447, 1.5352523, 1.6587465099999998]","[2.460210539538833e-05, 0.00636519584804765, 0.0107129863463342, 0.01761571364477275, 0.03802932519465681]",Airside economizer& (air-cooled chiller)
123,4C,7,"[1.6239433639685823, 1.71167725, 1.8174754, 1.94517905, 2.175179592979126]","[0.023635114170610864, 0.03943625185638665, 0.05988563410937785, 0.08106449805200097, 0.09773864634335039]",Air-cooled chiller
124,4C,8,"[1.5659620349999999, 1.6327577, 1.68259695, 1.7402250499999998, 1.8280806096533966]","[2.738513243198395, 2.96921706199646, 3.1782511472702026, 3.388513207435608, 3.7085977911949155]",Water-cooled chiller
125,4C,9,"[1.8042611049272919, 1.884372925, 1.96697375, 2.1255220500000003, 2.3785265200000003]","[0.02490084525197742, 0.04214082844555375, 0.06345703080296515, 0.08622363768517971, 0.10358141250908369]",Air-cooled chiller
126,5A,0,"[1.0990046599999999, 1.13528575, 1.1676655, 1.1950804750000001, 1.23010518]","[0.005968539370223841, 0.0113378409296274, 0.01524836756289005, 0.019672020338475676, 0.02811425598338239]",Airside economizer& adiabatic cooling (air-cooled chiller)
127,5A,1,"[1.0788726350000002, 1.110276925, 1.1400548499999998, 1.170494425, 1.2017983]","[0.15092343315482137, 0.3044808059930801, 0.4269605427980423, 0.5647331774234772, 0.8228423833847038]",Airside economizer& adiabatic cooling (water-cooled chiller)
128,5A,10,"[1.85761811, 1.9426326, 2.0286720999999996, 2.16639695, 2.306902165]","[0.02521530296653503, 0.042040168307721545, 0.06345401331782335, 0.08562824130058283, 0.1033550731837749]",Direct expansion system
129,5A,11,"[1.63602199, 1.746793225, 1.8362184, 1.9692675, 2.14147534]","[0.02375183710828416, 0.039713760837912504, 0.0599504169076681, 0.080560564994812, 0.09800849109888068]",Direct expansion system
130,5A,12,"[1.652265165, 1.7452864, 1.8190374, 1.905569825, 2.053515145]","[0.01703411675989624, 0.027300919871777275, 0.04067278094589705, 0.052728472277522045, 0.07096407264471052]",Airside economizer (direct expansion system)
131,5A,13,"[1.38882085, 1.4675094999999998, 1.5339915, 1.607824775, 1.716958805]","[0.01138325370848176, 0.017165972385555475, 0.023192311637103502, 0.031860610470175674, 0.0488980332389473]",Airside economizer (direct expansion system)
132,5A,17,"[1.422949845, 1.4957619000000002, 1.5624363, 1.63158535, 1.734450135]","[0.023470811266452042, 0.0399382086470723, 0.060345396399497944, 0.0805313941091299, 0.09767474271357056]",Dry cooler (air-cooled chiller)
133,5A,3,"[1.3260219, 1.3842968249999998, 1.4423332000000002, 1.49911975, 1.5609136149999998]","[0.8588312178850174, 1.0842215716838837, 1.2665681838989258, 1.467389315366745, 1.754002869129181]",Airside economizer& (water-cooled chiller)
134,5A,4,"[1.265782375, 1.319280875, 1.3726179, 1.42521465, 1.4920653]","[2.1270923256874084, 2.316560685634613, 2.4940133094787598, 2.66521954536438, 2.9045177340507506]",Waterside economizer& (water-cooled chiller)
135,5A,5,"[1.4035547149999998, 1.4576254499999999, 1.51264455, 1.5690519250000001, 1.633595435]","[2.4782098770141605, 2.6823719143867493, 2.8785570859909058, 3.0578585267066956, 3.3327868461608885]",Water-cooled chiller
136,5A,6,"[1.4114668400000001, 1.48967695, 1.55311745, 1.62337205, 1.7531371199999999]","[0.008297424437478105, 0.015850501600652874, 0.023928200826048802, 0.03472598735243075, 0.05264754705131048]",Airside economizer& (air-cooled chiller)
137,5A,7,"[1.607050675, 1.707259925, 1.8047923, 1.921438925, 2.131365405]","[0.023618139699101415, 0.039792181923985454, 0.060024330392479855, 0.08082320168614382, 0.09791261479258533]",Air-cooled chiller
138,5A,8,"[1.572782115, 1.6360766, 1.6884515, 1.743924675, 1.83006203]","[2.7422168374061586, 2.976641535758972, 3.1870272159576416, 3.393176674842835, 3.7121831417083735]",Water-cooled chiller
139,5A,9,"[1.7863038549999999, 1.872829925, 1.95355835, 2.092688375, 2.340384]","[0.02496721316128963, 0.04212879482656715, 0.0634834542870521, 0.08598073944449419, 0.10332380458712574]",Air-cooled chiller
140,5B,0,"[1.087328325, 1.114960875, 1.1385499000000001, 1.164265775, 1.20621346]","[0.001852423249510975, 0.008971171453595075, 0.016342073678970302, 0.024609508458524852, 0.03879893254488702]",Airside economizer& adiabatic cooling (air-cooled chiller)
141,5B,1,"[1.0654870049999998, 1.094694425, 1.1204931, 1.1522851, 1.1875278]","[0.0, 0.06490163318812843, 0.13143374770879745, 0.22599303722381586, 0.5047368705272671]",Airside economizer& adiabatic cooling (water-cooled chiller)
142,5B,10,"[1.85881048, 1.954710875, 2.0383805500000003, 2.180975225, 2.323395385834503]","[0.02509559057652942, 0.04216264653950923, 0.06350595131516454, 0.08554467186331745, 0.10344309546053401]",Direct expansion system
143,5B,11,"[1.649807115, 1.757844725, 1.8474949500000002, 1.986181225, 2.17410039]","[0.023620504979044197, 0.039846416562795625, 0.06009782105684275, 0.08095291815698144, 0.09927973635494705]",Direct expansion system
144,5B,12,"[1.656937785, 1.778624925, 1.85816915, 1.9495497, 2.1467721049999997]","[0.01756683345884076, 0.0288218292407691, 0.041501149535179055, 0.0545185143128037, 0.07392777912318703]",Airside economizer (direct expansion system)
145,5B,13,"[1.341833915, 1.432024625, 1.51090635, 1.5921016749999999, 1.7221580399999998]","[0.00752927591092881, 0.013994761742651424, 0.0202799485996365, 0.0299073872156441, 0.04748813025653354]",Airside economizer (direct expansion system)
146,5B,17,"[1.41477084, 1.4933828500000002, 1.55635955, 1.627833625, 1.7365579299999998]","[0.0233081698417663, 0.0400888109579682, 0.060210848227143246, 0.08041076920926563, 0.09816421009600156]",Dry cooler (air-cooled chiller)
147,5B,3,"[1.316482975, 1.366702825, 1.4224225499999998, 1.477990875, 1.542194625]","[0.4416047468781471, 0.7962689846754074, 1.0785815119743347, 1.3457366228103638, 1.7228093206882475]",Airside economizer& (water-cooled chiller)
148,5B,4,"[1.2574464300000001, 1.312976575, 1.36408225, 1.4176712999999999, 1.4832472399999999]","[2.125212466716767, 2.305542290210724, 2.4845454692840576, 2.6579745411872864, 2.911248755455017]",Waterside economizer& (water-cooled chiller)
149,5B,5,"[1.38745699, 1.4387552000000001, 1.49552695, 1.5515232, 1.61511828]","[2.450720000267028, 2.64563524723053, 2.832415223121643, 3.0112302899360666, 3.27179958820343]",Water-cooled chiller
150,5B,6,"[1.37563331, 1.465319275, 1.5395790903900146, 1.616361975, 1.765352555]","[0.0026691518025472503, 0.0108799808658659, 0.018837744370102848, 0.029906934127211474, 0.04805430788546795]",Airside economizer& (air-cooled chiller)
151,5B,7,"[1.610979795, 1.7166765499999999, 1.81507575, 1.9355049500000001, 2.152598265]","[0.023412473034113573, 0.039542122744023724, 0.0600639786571264, 0.0810841601341962, 0.09808436594903462]",Air-cooled chiller
152,5B,8,"[1.5485147449999999, 1.614334725, 1.66197335, 1.718302375, 1.7941926750000001]","[2.675175189971924, 2.925128161907196, 3.126235246658325, 3.323851227760315, 3.6399446368217463]",Water-cooled chiller
153,5B,9,"[1.7959430650000001, 1.8793470499999998, 1.9690139, 2.11606265, 2.365692775]","[0.025222646165639143, 0.0421576146036386, 0.06355867162346834, 0.08577479235827917, 0.10343221127986905]",Air-cooled chiller
154,6A,0,"[1.0917859650000001, 1.126284775, 1.1558629, 1.1829963000000001, 1.216972625]","[0.00726015346590427, 0.01267640665173525, 0.01644628122448915, 0.020737518556415972, 0.029077674075961072]",Airside economizer& adiabatic cooling (air-cooled chiller)
155,6A,1,"[1.07532318, 1.1047540249999999, 1.13461925, 1.1620874250000002, 1.196268925]","[0.10315021201968191, 0.23148947954177854, 0.33358354866504664, 0.4552239626646042, 0.6959615290164949]",Airside economizer& adiabatic cooling (water-cooled chiller)
156,6A,10,"[1.829483285, 1.91727755, 1.99947265, 2.1287375500000003, 2.26227767]","[0.025224563572555727, 0.0422018906101584, 0.0635479092597961, 0.08575956150889393, 0.10370279140770428]",Direct expansion system
157,6A,11,"[1.6167358, 1.7204055249999999, 1.8110087, 1.936796475, 2.10420232]","[0.02371210139244786, 0.03956982772797338, 0.06012071855366225, 0.08074527233839032, 0.0984675910323858]",Direct expansion system
158,6A,12,"[1.638153985, 1.7298198500000002, 1.8003000999999998, 1.88347895, 2.02094187]","[0.01694776304066178, 0.028253607917576976, 0.0423751194030046, 0.05399595946073528, 0.072178353741765]",Airside economizer (direct expansion system)
159,6A,13,"[1.3752897899999998, 1.45340055, 1.52247425, 1.591403475, 1.694065225]","[0.011849268386140416, 0.0178550630807876, 0.02441315259784455, 0.033902606926858356, 0.05117926113307475]",Airside economizer (direct expansion system)
160,6A,17,"[1.39946716, 1.46915625, 1.5298497, 1.5973298249999999, 1.69466303]","[0.023392824269831095, 0.03981910552829497, 0.0602016746997833, 0.08092004805803298, 0.09808386191725722]",Dry cooler (air-cooled chiller)
161,6A,3,"[1.320647635, 1.377155675, 1.4337436000000001, 1.489725425, 1.549988855]","[0.9053827583789825, 1.1265523135662079, 1.3022035360336304, 1.4898315072059634, 1.7691496670246125]",Airside economizer& (water-cooled chiller)
162,6A,4,"[1.262865825, 1.3166498, 1.36919725, 1.42419905, 1.48986734]","[2.123815083503723, 2.312889277935028, 2.4878445863723764, 2.6591957807540894, 2.9081629991531375]",Waterside economizer& (water-cooled chiller)
163,6A,5,"[1.3874569449999998, 1.44343605, 1.4985385, 1.556119675, 1.619167285]","[2.450707304477691, 2.653926134109497, 2.8486545085906982, 3.020833134651184, 3.3014507293701167]",Water-cooled chiller
164,6A,6,"[1.38844788, 1.468578825, 1.5343129, 1.60677125, 1.7360877650000002]","[0.00849103499203913, 0.016558526083826977, 0.02515885606408115, 0.0359183000400662, 0.05276577323675152]",Airside economizer& (air-cooled chiller)
165,6A,7,"[1.58143587, 1.6773035, 1.7731129, 1.8809662, 2.06828426]","[0.02379369186237452, 0.03980931732803575, 0.06001238897442815, 0.08105313964188098, 0.09782319404184818]",Air-cooled chiller
166,6A,8,"[1.55571044, 1.6176636, 1.6698642, 1.721908375, 1.79812962]","[2.7085173606872557, 2.9389873147010803, 3.141768217086792, 3.3469712734222408, 3.6548296689987185]",Water-cooled chiller
167,6A,9,"[1.758331395, 1.8437727, 1.91684375, 2.044901075, 2.266412125]","[0.025213491916656432, 0.04223612695932385, 0.0636223219335079, 0.08583968691527838, 0.10360803008079522]",Air-cooled chiller
168,6B,0,"[1.081497335, 1.109933025, 1.1312674999999999, 1.1590814, 1.1985533]","[0.004919884609989765, 0.01086683967150745, 0.015133934561163149, 0.019973775837570373, 0.029066969919949705]",Airside economizer& adiabatic cooling (air-cooled chiller)
169,6B,1,"[1.06450927, 1.0919715, 1.1194655500000001, 1.1501484, 1.1873660400000001]","[0.0, 0.03678562119603153, 0.09664772823452944, 0.1879204772412776, 0.4322360157966613]",Airside economizer& adiabatic cooling (water-cooled chiller)
170,6B,10,"[1.835624465, 1.917243525, 2.0067879, 2.1360327, 2.27221715]","[0.02541981842368833, 0.0420533716678619, 0.06348464265465735, 0.0855225902050733, 0.10370980985462662]",Direct expansion system
171,6B,11,"[1.61961039, 1.728296175, 1.81594245, 1.947767225, 2.1201369899999998]","[0.023976530320942394, 0.03974448796361678, 0.060119815170764895, 0.08083771355450145, 0.09857590384781355]",Direct expansion system
172,6B,12,"[1.6748639250000001, 1.7654713499999999, 1.83598265, 1.914974075, 2.093276285]","[0.01883835559710856, 0.029324937146156974, 0.0434164516627788, 0.055116811767220476, 0.07395608909428117]",Airside economizer (direct expansion system)
173,6B,13,"[1.349826875, 1.43158425, 1.4987235, 1.576891275, 1.68118131]","[0.010992339532822346, 0.016486742068082073, 0.0225749593228101, 0.031325983814895125, 0.04911218304187053]",Airside economizer (direct expansion system)
174,6B,17,"[1.395343795, 1.463994, 1.52395315, 1.579921225, 1.6662326250000001]","[0.023354430589824872, 0.0398917533457279, 0.0601133238524198, 0.08059999346733093, 0.09747353531420228]",Dry cooler (air-cooled chiller)
175,6B,3,"[1.3120956449999999, 1.36326635, 1.4149063499999999, 1.4742054, 1.5369407800000001]","[0.7162172079086304, 0.9598544090986253, 1.1522870659828186, 1.3615781664848328, 1.6365454137325286]",Airside economizer& (water-cooled chiller)
176,6B,4,"[1.25605754, 1.3111576, 1.3641413999999998, 1.4154143, 1.48455285]","[2.119086742401123, 2.3061147332191467, 2.4789340496063232, 2.653733730316162, 2.897125697135925]",Waterside economizer& (water-cooled chiller)
177,6B,5,"[1.375708375, 1.4251083500000001, 1.4833628, 1.538293125, 1.599460575]","[2.420785903930664, 2.6138141751289368, 2.8135064840316772, 2.9928840994834904, 3.2681450724601744]",Water-cooled chiller
178,6B,6,"[1.3640161, 1.448471775, 1.51246525, 1.58375025, 1.718353025]","[0.004099842440336925, 0.012931532226502875, 0.020810985006391947, 0.03171276021748775, 0.0485350221395492]",Airside economizer& (air-cooled chiller)
179,6B,7,"[1.588415045, 1.684815425, 1.7702362, 1.883665025, 2.077877845]","[0.0235204631462693, 0.0396909080445766, 0.06019466742873185, 0.08117637969553465, 0.0979494579136371]",Air-cooled chiller
180,6B,8,"[1.53996127, 1.598852925, 1.64680605, 1.695761675, 1.777888525]","[2.6511849999427795, 2.8801379203796387, 3.0812476873397827, 3.283685564994812, 3.6138630867004395]",Water-cooled chiller
181,6B,9,"[1.76596657, 1.84349355, 1.9255482000000002, 2.05475415, 2.27167265]","[0.024993620906025086, 0.04221637453883883, 0.0637736469507217, 0.08599298074841492, 0.10372837632894513]",Air-cooled chiller
182,7,0,"[1.078759895, 1.1071586310863495, 1.133902437033844, 1.1627538000587463, 1.19762028]","[0.0039145954768173155, 0.011288074543699601, 0.0163212874904274, 0.021427272818982573, 0.030137693602591678]",Airside economizer& adiabatic cooling (air-cooled chiller)
183,7,1,"[1.0662566789498138, 1.096264125, 1.1240149825874326, 1.1521770249999999, 1.185451325]","[0.0, 0.04941464681178325, 0.16166569292545313, 0.28600083291530604, 0.5150490909814831]",Airside economizer& adiabatic cooling (water-cooled chiller)
184,7,10,"[1.80830165, 1.8937783750000001, 1.971275585334015, 2.094924150942993, 2.2280896]","[0.0250632870942354, 0.0421495661139488, 0.06326832622289655, 0.08596509322524065, 0.10343336686491958]",Direct expansion system
185,7,11,"[1.5943577004585263, 1.69708895, 1.7855228215690613, 1.9053621927562712, 2.0682934761047362]","[0.023712668195366778, 0.039551397785544354, 0.059662535786628695, 0.08087082579731936, 0.09763506241142736]",Direct expansion system
186,7,12,"[1.5982335269451142, 1.692479825, 1.7618585180633546, 1.84314345, 1.98117495]","[0.01667311759665602, 0.027829651255160525, 0.0408706218004226, 0.05324987508356568, 0.07252908460795868]",Airside economizer (direct expansion system)
187,7,13,"[1.33253493, 1.4180986, 1.4861737, 1.561755775, 1.6671497349999997]","[0.009234214015304986, 0.016085806768387476, 0.02318729832768435, 0.03338123857974997, 0.05099429953843348]",Airside economizer (direct expansion system)
188,7,17,"[1.3335796058177949, 1.4101225505950927, 1.473255236921692, 1.537643175, 1.6309731849999998]","[0.023565137945115527, 0.039897313341498354, 0.06042435765266415, 0.08070949465036392, 0.09782472476363177]",Dry cooler (air-cooled chiller)
189,7,3,"[1.3046002890187836, 1.3610706627368927, 1.41566155, 1.47354925, 1.538160125]","[0.5668727487325669, 0.9821534454822539, 1.2268564701080322, 1.4579302370548248, 1.7499743998050687]",Airside economizer& (water-cooled chiller)
190,7,4,"[1.258609602340088, 1.312726467847824, 1.363785216786194, 1.4169442649848938, 1.484162285]","[2.1212278008461, 2.3102017641067505, 2.4834104776382446, 2.658466100692749, 2.916337084770203]",Waterside economizer& (water-cooled chiller)
191,7,5,"[1.36797024, 1.4208991705524445, 1.48037165, 1.53661665, 1.5988704498838042]","[2.4060365676879885, 2.6018635630607605, 2.8022981882095337, 2.976874887943268, 3.248597693443298]",Water-cooled chiller
192,7,6,"[1.353654675, 1.4332531742706298, 1.5021559845100403, 1.567455925, 1.686237755]","[0.00577062789816401, 0.014410409843549075, 0.02293442562222475, 0.034312208183109726, 0.052311470545828305]",Airside economizer& (air-cooled chiller)
193,7,7,"[1.550402168093567, 1.643235725, 1.7363292665420533, 1.8388750541942598, 2.01603348]","[0.02349605839699504, 0.03967122919857498, 0.0601512920111417, 0.08078641071915625, 0.09786421135067934]",Air-cooled chiller
194,7,8,"[1.5303941786289215, 1.589183121919632, 1.6385532382492065, 1.6905835500000002, 1.76762194]","[2.6496888518333437, 2.8789635896682744, 3.079879403114319, 3.279527604579926, 3.585026597976684]",Water-cooled chiller
195,7,9,"[1.7250359199999998, 1.8082223, 1.8815884653686523, 1.9973812886047364, 2.18813288]","[0.024975654389709227, 0.042157456278800874, 0.0638255216181278, 0.08613650687038894, 0.10344580411911002]",Air-cooled chiller
196,8,0,"[1.0682636022567749, 1.095254510641098, 1.1187258958816528, 1.1458046734333038, 1.1787516951560975]","[0.006362146721221415, 0.015413005836307975, 0.02166489697992795, 0.027555709239095425, 0.037949693016707815]",Airside economizer& adiabatic cooling (air-cooled chiller)
197,8,1,"[1.0624815464019775, 1.091035783290863, 1.1176289916038513, 1.143278330564499, 1.1770873486995697]","[0.0, 0.0181276621297001, 0.04653751477599135, 0.10978424735367295, 0.3235464081168173]",Airside economizer& adiabatic cooling (water-cooled chiller)
198,8,10,"[1.7490290582180024, 1.8323320448398588, 1.9063054323196411, 2.0049296021461487, 2.149967443943024]","[0.025124215334653775, 0.04259506426751612, 0.06411935761570925, 0.08579225651919839, 0.10349683426320545]",Direct expansion system
199,8,11,"[1.5453687131404876, 1.6396211683750153, 1.7241172790527344, 1.823490381240845, 1.9907468199729919]","[0.02352206278592343, 0.03956339880824082, 0.05997329205274575, 0.08037903718650338, 0.09754206053912633]",Direct expansion system
200,8,12,"[1.5931623995304107, 1.6744031310081482, 1.7386724948883057, 1.8067373335361485, 1.955893987417221]","[0.018659558054059673, 0.0305497529916465, 0.046134529635310145, 0.059308938682079246, 0.07973706573247903]",Airside economizer (direct expansion system)
201,8,13,"[1.3345671, 1.4154397, 1.4837873, 1.54930505, 1.644270595]","[0.011698126746341554, 0.0189864658750593, 0.028495071455836248, 0.04086216818541285, 0.05873523373156784]",Airside economizer (direct expansion system)
202,8,17,"[1.3145776093006134, 1.3706402480602264, 1.4285148978233337, 1.4878310263156893, 1.56395982503891]","[0.02389729609712952, 0.040125705301761544, 0.060547389090061146, 0.080189436674118, 0.09720143638551232]",Dry cooler (air-cooled chiller)
203,8,3,"[1.3057645201683044, 1.3505808115005493, 1.4035614728927612, 1.463535875082016, 1.5269772589206696]","[0.8566497921943664, 1.1950896382331848, 1.4069600701332092, 1.6389379799365997, 1.9430613934993743]",Airside economizer& (water-cooled chiller)
204,8,4,"[1.258134788274765, 1.3126000761985779, 1.3605265021324158, 1.4153492152690887, 1.4808836400508882]","[2.111636793613434, 2.3106079697608948, 2.4720160961151123, 2.6508909463882446, 2.8730086088180538]",Waterside economizer& (water-cooled chiller)
205,8,5,"[1.34410520195961, 1.398920863866806, 1.4505887627601624, 1.5089485049247742, 1.5738160967826844]","[2.3499578714370726, 2.5420783162117004, 2.73748242855072, 2.927601456642151, 3.1981147289276124]",Water-cooled chiller
206,8,6,"[1.3378873765468597, 1.4210698306560516, 1.4744715094566345, 1.5448777973651886, 1.649303078651428]","[0.008777258731424735, 0.018279291689395873, 0.0277166478335857, 0.0409379201009869, 0.058040054887533124]",Airside economizer& (air-cooled chiller)
207,8,7,"[1.4983062088489532, 1.5826501548290253, 1.6656423807144165, 1.7487092912197113, 1.8792353391647336]","[0.023767355270683712, 0.03987128939479585, 0.059915320947766304, 0.08083589561283584, 0.09837689921259873]",Air-cooled chiller
208,8,8,"[1.5002883195877075, 1.5545982122421265, 1.595943808555603, 1.643528789281845, 1.7146104395389556]","[2.596524167060852, 2.7902180552482605, 3.0139458179473877, 3.1907324790954585, 3.494629740715027]",Water-cooled chiller
209,8,9,"[1.6622849464416505, 1.7406194806098938, 1.801267743110657, 1.8901211023330688, 2.059513735771179]","[0.02500154897570604, 0.042297447100281674, 0.06398155540227884, 0.08566835895180698, 0.10386430658400053]",Air-cooled chiller
